0.795073, -0.202772, -0.001855
0.776262, -0.203293, -0.000671
0.784219, -0.202390, -0.002359
0.781167, -0.201270, -0.001681
0.785294, -0.203305, -0.000477
0.807363, -0.204067, -0.001690
0.832703, -0.207239, -0.000447
0.858456, -0.209851, 0.000315
0.861550, -0.210544, 0.000188
0.889875, -0.209352, 0.000330
0.868030, -0.206189, -0.000834
0.910609, -0.204671, -0.000301
0.883187, -0.208007, 0.000061
0.889883, -0.208849, 0.000038
0.896215, -0.208189, -0.001182
0.875861, -0.211096, 0.000133
0.842841, -0.208065, 0.000681
0.817305, -0.208837, 0.001148
0.833981, -0.208410, -0.000600
0.823730, -0.211585, 0.001424
0.847362, -0.208385, 0.000995
0.851576, -0.206212, -0.001107
0.838299, -0.202528, -0.002722
0.841109, -0.203595, -0.001838
0.861273, -0.203894, -0.001731
0.838327, -0.202013, -0.001354
0.833133, -0.197390, -0.001095
0.844050, -0.195477, -0.001127
0.836878, -0.192797, -0.001667
0.854398, -0.196133, -0.001862
0.862549, -0.193108, 0.000288
0.868683, -0.194191, -0.000519
0.895087, -0.196242, 0.000003
0.908299, -0.193187, -0.000819
0.941118, -0.196521, -0.000729
0.953340, -0.194750, -0.000738
0.945188, -0.190832, -0.001279
0.928873, -0.188538, -0.001603
0.962425, -0.185292, -0.002884
0.979491, -0.184539, -0.002820
0.991469, -0.181728, -0.003583
0.954283, -0.183556, -0.003345
0.968829, -0.177052, -0.003525
0.970829, -0.176708, -0.005866
0.975781, -0.177146, -0.004385
0.966822, -0.178917, -0.003982
0.964013, -0.182786, -0.003762
0.983327, -0.182240, -0.003891
0.970342, -0.181909, -0.004811
0.975017, -0.180147, -0.006384
0.988800, -0.179209, -0.006140
1.021886, -0.180749, -0.006280
1.070779, -0.179260, -0.006990
1.082179, -0.181582, -0.008174
1.087793, -0.179735, -0.006470
1.098293, -0.181766, -0.005847
1.139249, -0.183084, -0.005855
1.153339, -0.180065, -0.005749
1.159377, -0.183804, -0.007343
1.163046, -0.180049, -0.006420
1.135449, -0.180621, -0.006852
1.173203, -0.185806, -0.006027
1.204755, -0.184969, -0.005866
1.224864, -0.185912, -0.005698
1.252337, -0.183131, -0.005206
1.247501, -0.181356, -0.006998
1.261545, -0.176571, -0.007155
1.286701, -0.174531, -0.008421
1.300750, -0.172055, -0.008205
1.323089, -0.173234, -0.007062
1.349266, -0.172961, -0.008180
1.372569, -0.176608, -0.006480
1.410823, -0.175010, -0.006979
1.415901, -0.176807, -0.005536
1.426026, -0.174659, -0.005327
1.438080, -0.176185, -0.005158
1.464298, -0.175987, -0.007124
1.444842, -0.177974, -0.006281
1.432425, -0.174131, -0.006321
1.493794, -0.175141, -0.006688
1.531214, -0.175921, -0.006981
1.544687, -0.175783, -0.006974
1.522499, -0.175227, -0.006710
1.536901, -0.177191, -0.005454
1.562073, -0.176360, -0.004618
1.579610, -0.172786, -0.005840
1.555794, -0.170274, -0.005283
1.601562, -0.172087, -0.006211
1.632982, -0.169174, -0.006639
1.648931, -0.169909, -0.007936
1.638515, -0.174299, -0.007110
1.617289, -0.174929, -0.004951
1.659759, -0.171903, -0.006133
1.656419, -0.175880, -0.004954
1.633799, -0.180457, -0.003742
1.641219, -0.178440, -0.004071
1.705279, -0.181837, -0.003202
1.706044, -0.178547, -0.003211
1.714240, -0.180534, -0.001848
1.707374, -0.185103, -0.000651
1.716575, -0.181147, -0.001465
1.707651, -0.180730, -0.000667
1.739784, -0.174374, 0.000478
1.700598, -0.171888, -0.001379
1.710292, -0.170585, -0.002710
1.688990, -0.165179, -0.003651
1.680133, -0.163914, -0.004215
1.730187, -0.163625, -0.003731
1.739156, -0.165764, -0.002703
1.744389, -0.163614, -0.003411
1.760561, -0.163777, -0.003906
1.767469, -0.165532, -0.002654
1.757755, -0.165593, -0.003338
1.770263, -0.168611, -0.002710
1.777968, -0.168974, -0.002011
1.852053, -0.170847, -0.001573
1.883552, -0.177665, -0.000760
1.833356, -0.180374, 0.000627
1.867492, -0.179886, -0.001499
1.875793, -0.174861, -0.001444
1.919521, -0.175955, -0.001129
1.953079, -0.171827, -0.001369
1.967412, -0.170846, -0.002184
2.017620, -0.170415, -0.002419
2.066310, -0.165312, -0.003080
2.067685, -0.169761, -0.002441
2.111586, -0.170229, -0.001807
2.136555, -0.165566, -0.003189
2.155983, -0.163688, -0.004412
2.175312, -0.160927, -0.005585
2.175937, -0.161992, -0.005421
2.243543, -0.164259, -0.005726
2.251767, -0.163643, -0.005135
2.255030, -0.160721, -0.007686
2.253740, -0.167187, -0.007572
2.288769, -0.174619, -0.005401
2.257262, -0.175689, -0.006114
2.225644, -0.173020, -0.010024
2.215343, -0.175158, -0.014031
2.230087, -0.179023, -0.014918
2.214431, -0.173469, -0.019196
2.191379, -0.173197, -0.020662
2.210747, -0.184156, -0.010456
2.169636, -0.182078, -0.019004
2.178002, -0.183201, -0.019972
2.158239, -0.181807, -0.023012
2.155629, -0.177577, -0.023916
2.166612, -0.174581, -0.026505
2.186241, -0.175110, -0.026326
2.204848, -0.179661, -0.027206
2.213220, -0.177152, -0.029883
2.253668, -0.181779, -0.029404
2.309598, -0.177824, -0.038042
2.362013, -0.178889, -0.039186
2.408262, -0.179585, -0.038652
2.464868, -0.176232, -0.037829
2.507339, -0.181445, -0.037323
2.531975, -0.176833, -0.039206
2.576226, -0.178500, -0.039481
2.608114, -0.180444, -0.038342
2.658487, -0.185048, -0.038142
2.705618, -0.185241, -0.037466
2.737821, -0.186704, -0.038225
2.763478, -0.186478, -0.038848
2.861384, -0.188694, -0.040617
2.944285, -0.194373, -0.038565
2.935953, -0.188888, -0.047287
2.937314, -0.181514, -0.050077
2.958527, -0.183089, -0.050671
2.944632, -0.180638, -0.051636
2.950349, -0.184806, -0.050886
2.946139, -0.185311, -0.052300
2.946714, -0.184305, -0.052483
2.952865, -0.185478, -0.052815
2.973116, -0.182816, -0.054899
3.000875, -0.182018, -0.054470
3.024822, -0.182365, -0.056154
3.051571, -0.187037, -0.055846
3.073108, -0.186951, -0.057953
3.094255, -0.187169, -0.058805
3.117291, -0.188992, -0.055461
3.120492, -0.191924, -0.058156
3.144888, -0.193677, -0.057451
3.175467, -0.195828, -0.059568
3.191075, -0.196896, -0.059342
3.229749, -0.198176, -0.058318
3.250730, -0.198033, -0.061551
3.277149, -0.200082, -0.061782
3.301444, -0.197341, -0.062259
3.332263, -0.199646, -0.061747
3.356305, -0.199779, -0.060992
3.375177, -0.201093, -0.061139
3.389216, -0.201093, -0.059380
3.392816, -0.203796, -0.059426
3.404376, -0.200410, -0.056618
3.428709, -0.203161, -0.055320
3.444774, -0.205642, -0.051238
3.446003, -0.203343, -0.054198
3.492161, -0.206313, -0.045721
3.521376, -0.217140, -0.039470
3.546581, -0.222355, -0.036998
3.546473, -0.227030, -0.036735
3.563042, -0.234300, -0.032891
3.580287, -0.239023, -0.032749
3.607241, -0.241185, -0.031379
3.620679, -0.234420, -0.038660
3.645791, -0.238060, -0.035395
3.668429, -0.236793, -0.040549
3.686545, -0.231508, -0.043439
3.709777, -0.227601, -0.044598
3.724166, -0.223772, -0.046882
3.745648, -0.224172, -0.046500
3.754077, -0.226424, -0.047844
3.768831, -0.227485, -0.046852
3.786550, -0.226908, -0.047400
3.802238, -0.226204, -0.048982
3.809335, -0.227058, -0.047686
3.820924, -0.225661, -0.048529
3.836567, -0.224234, -0.049910
3.845703, -0.225367, -0.048089
3.865466, -0.224941, -0.047623
3.868701, -0.227125, -0.047250
3.876037, -0.229667, -0.046681
3.880621, -0.230869, -0.046568
3.870714, -0.237394, -0.044768
3.859571, -0.238764, -0.045726
3.864234, -0.237224, -0.045138
3.877177, -0.238208, -0.044784
3.883245, -0.238578, -0.043952
3.891754, -0.241938, -0.042199
3.901352, -0.241100, -0.043238
3.915526, -0.247113, -0.043599
3.920848, -0.243324, -0.043248
3.938533, -0.240396, -0.045870
3.969776, -0.238799, -0.047077
4.040296, -0.238116, -0.058321
4.102896, -0.236112, -0.060365
4.139792, -0.234459, -0.060452
4.178081, -0.233352, -0.061309
4.222465, -0.232564, -0.060408
4.254122, -0.227121, -0.062478
4.284490, -0.225263, -0.062230
4.313014, -0.231854, -0.062305
4.341636, -0.235271, -0.061002
4.377221, -0.238188, -0.061878
4.408705, -0.243663, -0.060210
4.441637, -0.246549, -0.060528
4.463374, -0.243285, -0.060838
4.480894, -0.242600, -0.062511
4.498989, -0.243900, -0.061366
4.520983, -0.245165, -0.061125
4.550053, -0.244781, -0.061420
4.570815, -0.251808, -0.058847
4.577592, -0.247322, -0.060724
4.591323, -0.248569, -0.059116
4.611216, -0.250935, -0.060312
4.634356, -0.249580, -0.059538
4.656036, -0.248144, -0.060096
4.667648, -0.250735, -0.059362
4.676231, -0.253172, -0.059028
4.692561, -0.252104, -0.060171
4.700383, -0.253751, -0.060288
4.706957, -0.253024, -0.060330
4.733567, -0.255629, -0.058346
4.730249, -0.257173, -0.055576
4.732429, -0.255023, -0.055191
4.745651, -0.256081, -0.054457
4.747216, -0.258859, -0.053165
4.745218, -0.258371, -0.053333
4.745524, -0.261083, -0.052525
4.758493, -0.260832, -0.050663
4.775148, -0.262943, -0.051446
4.774794, -0.263923, -0.050855
4.790562, -0.262998, -0.051157
4.809482, -0.259756, -0.053148
4.828647, -0.259950, -0.052233
4.839689, -0.262146, -0.052735
4.857157, -0.259666, -0.053207
4.858735, -0.264386, -0.053616
4.868901, -0.265907, -0.051992
4.880857, -0.269167, -0.053383
4.888168, -0.271920, -0.052116
4.907600, -0.273831, -0.051757
4.921233, -0.277382, -0.051204
4.932788, -0.281312, -0.051472
4.950763, -0.281956, -0.050718
4.965278, -0.285096, -0.049945
4.990646, -0.288346, -0.048546
5.003489, -0.286302, -0.047819
5.017316, -0.287028, -0.046508
5.010275, -0.285905, -0.046625
5.013084, -0.285178, -0.046067
5.025741, -0.277122, -0.045420
5.037339, -0.275378, -0.044791
5.044467, -0.274207, -0.043303
5.059437, -0.273798, -0.042516
5.071204, -0.274415, -0.041064
5.086072, -0.280185, -0.037492
5.113276, -0.283937, -0.031712
5.122496, -0.290842, -0.029753
5.160799, -0.296834, -0.020584
5.205472, -0.307498, -0.014628
5.228584, -0.310032, -0.013343
5.256081, -0.315773, -0.011547
5.298652, -0.319780, -0.006278
5.333890, -0.325518, -0.002747
5.334828, -0.328773, -0.002518
5.341099, -0.326665, -0.002130
5.359291, -0.328389, -0.000644
5.406921, -0.326926, 0.003998
5.431615, -0.325651, 0.004438
5.458367, -0.322398, 0.003187
5.492872, -0.320537, 0.002054
5.521257, -0.319954, 0.004147
5.543884, -0.319717, 0.003810
5.558385, -0.317444, 0.004186
5.579233, -0.319169, 0.003351
5.588998, -0.319006, 0.005082
5.609033, -0.317849, 0.003157
5.619771, -0.315808, 0.003734
5.643542, -0.311441, 0.004141
5.650156, -0.301612, -0.000719
5.671620, -0.296638, -0.001347
5.694431, -0.295888, -0.001963
5.705543, -0.294863, -0.001391
5.722858, -0.290260, -0.004639
5.737401, -0.289712, -0.002882
5.743472, -0.288494, -0.004060
5.752061, -0.287635, -0.003276
5.767478, -0.289342, -0.003751
5.786768, -0.287639, -0.004421
5.801161, -0.280982, -0.008826
5.821426, -0.275541, -0.012432
5.833986, -0.273112, -0.016261
5.842058, -0.269263, -0.018595
5.884465, -0.262823, -0.037727
5.909371, -0.258067, -0.038647
5.951005, -0.257194, -0.037869
5.987306, -0.252139, -0.040186
6.017601, -0.252903, -0.036788
6.043821, -0.250710, -0.036168
6.059376, -0.249083, -0.037029
6.084037, -0.249554, -0.037085
6.085979, -0.246150, -0.036149
6.101442, -0.243984, -0.036603
6.114726, -0.244519, -0.036301
6.121614, -0.247717, -0.033856
6.135412, -0.246327, -0.032016
6.143649, -0.249773, -0.030434
6.154471, -0.246907, -0.029875
6.160261, -0.240371, -0.032619
6.168656, -0.239879, -0.030597
6.187712, -0.242117, -0.029428
6.195923, -0.240541, -0.029141
6.214500, -0.238177, -0.025768
6.233956, -0.239285, -0.027410
6.293546, -0.240334, -0.010001
6.331587, -0.238368, -0.010055
6.374405, -0.233748, -0.013987
6.401495, -0.234553, -0.014895
6.416367, -0.239126, -0.011322
6.433672, -0.236753, -0.014982
6.454501, -0.240921, -0.007293
6.473648, -0.245102, -0.005685
6.490121, -0.242653, -0.008616
6.503214, -0.245634, -0.007917
6.516023, -0.245327, -0.008372
6.526075, -0.244324, -0.007383
6.525134, -0.247830, -0.003305
6.544637, -0.247843, -0.009313
6.564655, -0.252781, -0.003019
6.565958, -0.247516, -0.007990
6.572131, -0.245156, -0.008080
6.588112, -0.242101, -0.008317
6.599462, -0.239806, -0.009571
6.609402, -0.236650, -0.007896
6.622104, -0.238771, -0.007837
6.669970, -0.248831, -0.017430
6.716840, -0.255672, -0.015526
6.749168, -0.256602, -0.016280
6.783416, -0.255534, -0.014915
6.818721, -0.250947, -0.011019
6.852823, -0.252080, -0.007275
6.871395, -0.254113, -0.010154
6.904793, -0.252759, -0.005489
6.926683, -0.254359, -0.002898
6.959242, -0.255190, 0.004211
6.974874, -0.246052, -0.005800
6.998508, -0.247007, 0.002749
7.016377, -0.246073, -0.007400
7.030367, -0.244818, -0.007804
7.048439, -0.246559, 0.002696
7.051720, -0.243405, -0.008474
7.062925, -0.240541, -0.009974
7.063005, -0.237877, -0.010431
7.076874, -0.242874, 0.000447
7.093724, -0.243309, 0.000245
7.137718, -0.251727, -0.015154
7.162064, -0.261309, -0.009925
7.181981, -0.262060, -0.012892
7.189714, -0.259879, -0.014401
7.210192, -0.263817, -0.007026
7.222516, -0.267415, -0.004619
7.235269, -0.265152, -0.005541
7.248372, -0.265727, -0.004574
7.262904, -0.264055, -0.005035
7.280506, -0.262397, -0.004369
7.315411, -0.245724, -0.007522
7.334961, -0.238248, -0.010123
7.344774, -0.236446, -0.001606
7.351944, -0.229222, -0.010329
7.360099, -0.230891, -0.000015
7.370076, -0.234885, 0.002867
7.363329, -0.230421, -0.008728
7.416700, -0.244253, -0.018072
7.447754, -0.253640, -0.011375
7.464659, -0.257013, -0.008892
7.488167, -0.261967, 0.002187
7.499620, -0.262305, -0.005561
7.516762, -0.259782, -0.003831
7.524175, -0.254436, -0.007653
7.544864, -0.258311, 0.003982
7.576080, -0.247731, -0.000183
7.584634, -0.236538, -0.005512
7.602130, -0.233113, -0.006379
7.605487, -0.229016, -0.006636
7.615431, -0.228811, 0.002943
7.618887, -0.228232, -0.005840
7.659348, -0.244410, -0.013329
7.691705, -0.250170, -0.008845
7.710650, -0.256515, 0.001635
7.726635, -0.258929, -0.006251
7.733404, -0.258545, -0.006557
7.738795, -0.263211, -0.004474
7.778626, -0.248485, -0.001757
7.792744, -0.240229, -0.004180
7.803836, -0.233520, -0.007097
7.850044, -0.247856, -0.011800
7.875394, -0.254983, -0.007484
7.892148, -0.259842, -0.007654
7.908048, -0.261182, -0.006878
7.913948, -0.264803, -0.006015
7.952662, -0.261742, 0.008308
7.968438, -0.250029, -0.005235
7.973499, -0.242909, -0.008481
8.020290, -0.251952, -0.013522
8.042489, -0.255936, -0.013248
8.052083, -0.256976, -0.008912
8.057094, -0.262269, -0.007215
8.084619, -0.246646, -0.002109
8.100627, -0.242583, -0.002740
8.107382, -0.236696, -0.005171
8.150800, -0.238928, -0.010861
8.169239, -0.244990, -0.007401
8.202630, -0.237533, 0.001170
8.226390, -0.227279, 0.000386
8.238215, -0.232444, 0.001991
8.246264, -0.226968, 0.002709
8.292148, -0.227672, -0.003561
8.322893, -0.227814, 0.005370
8.341958, -0.227740, 0.005644
8.346844, -0.228555, 0.005221
8.352040, -0.228243, 0.008248
8.360062, -0.224244, 0.006953
8.412775, -0.231594, 0.005483
8.429247, -0.230517, 0.005023
8.439995, -0.227827, 0.004189
8.448219, -0.223818, 0.003581
8.499502, -0.221281, -0.001693
8.518201, -0.219481, -0.002453
8.525855, -0.218169, -0.005258
8.536153, -0.217616, -0.006084
8.569228, -0.222341, -0.009702
8.592691, -0.212597, -0.009010
8.605618, -0.210053, -0.010481
8.609547, -0.204475, -0.011298
8.655326, -0.196229, -0.015558
8.674403, -0.195524, -0.015854
8.682698, -0.188452, -0.016489
8.710095, -0.176209, -0.016604
8.727884, -0.166256, -0.017235
8.735805, -0.156504, -0.020220
8.794496, -0.151061, -0.018480
8.816802, -0.150260, -0.017047
8.824131, -0.151221, -0.016887
8.874954, -0.157673, -0.014306
8.895199, -0.144264, -0.023066
8.905795, -0.140528, -0.019863
8.955741, -0.155631, -0.001231
8.988251, -0.158087, 0.005366
9.013910, -0.151132, 0.021939
9.028507, -0.147725, 0.026343
9.040867, -0.143329, 0.030543
9.054192, -0.133730, 0.034208
9.076186, -0.123683, 0.044145
9.098483, -0.125984, 0.053347
9.111134, -0.121879, 0.060978
9.140983, -0.114478, 0.075359
9.168184, -0.100293, 0.093577
9.184913, -0.092331, 0.097142
9.205169, -0.077509, 0.103491
9.218023, -0.083435, 0.129989
9.232577, -0.083527, 0.137257
9.272117, -0.074932, 0.151620
9.282716, -0.078634, 0.178073
9.293875, -0.071917, 0.180927
9.313319, -0.063983, 0.190211
9.333450, -0.044431, 0.201157
9.342399, -0.036044, 0.212711
9.365734, -0.025205, 0.224510
9.399468, -0.028910, 0.256632
9.414180, -0.029099, 0.268844
9.414124, -0.009015, 0.281542
9.424971, 0.004089, 0.286779
9.447086, 0.017629, 0.314792
9.483472, 0.023638, 0.346542
9.497562, 0.027414, 0.358022
9.503560, 0.037609, 0.363853
9.514526, 0.049770, 0.371807
9.533826, 0.066657, 0.406353
9.535413, 0.081052, 0.417624
9.556000, 0.080590, 0.439467
9.570895, 0.109524, 0.456510
9.583029, 0.129893, 0.481891
9.589411, 0.146585, 0.492471
9.619116, 0.152466, 0.528226
9.626784, 0.178164, 0.543984
9.610190, 0.200444, 0.546710
9.647972, 0.216460, 0.579779
9.676998, 0.218070, 0.612239
9.686549, 0.225734, 0.621942
9.690410, 0.249717, 0.637466
9.703951, 0.258547, 0.662963
9.713941, 0.276405, 0.670481
9.743855, 0.285411, 0.703327
9.754228, 0.308344, 0.719337
9.742125, 0.329425, 0.723136
9.755832, 0.341737, 0.749776
9.790120, 0.353783, 0.778557
9.807682, 0.367147, 0.793086
9.789249, 0.390514, 0.803228
9.788621, 0.410511, 0.824520
9.803423, 0.425253, 0.839848
9.803666, 0.434093, 0.857614
9.808490, 0.453861, 0.883914
9.800490, 0.481315, 0.887887
9.777375, 0.500467, 0.898724
9.798257, 0.510647, 0.930036
9.811571, 0.523532, 0.932494
9.835839, 0.541500, 0.946687
9.842725, 0.559818, 0.968927
9.814024, 0.570897, 0.978743
9.792702, 0.587511, 0.981782
9.814648, 0.608044, 1.015786
9.820758, 0.616426, 1.034816
9.816899, 0.638932, 1.041967
9.804108, 0.664195, 1.056936
9.835539, 0.679636, 1.096323
9.851376, 0.712689, 1.106455
9.842773, 0.723792, 1.123758
9.820577, 0.740794, 1.140253
9.846651, 0.773209, 1.164322
9.866301, 0.800089, 1.187703
9.880524, 0.831224, 1.212629
9.875291, 0.854735, 1.225958
9.877727, 0.876317, 1.269882
9.875728, 0.900367, 1.268953
9.865769, 0.920004, 1.269777
9.860284, 0.938386, 1.300750
9.884097, 0.949488, 1.342360
9.880219, 0.964217, 1.346007
9.856385, 0.980628, 1.350387
9.861357, 1.006641, 1.375723
9.855644, 1.038223, 1.378075
9.842358, 1.074563, 1.380341
9.852390, 1.086982, 1.414011
9.857433, 1.102704, 1.419511
9.866203, 1.116761, 1.420102
9.869265, 1.132329, 1.422038
9.859948, 1.145216, 1.421397
9.847812, 1.155526, 1.419496
9.849059, 1.172152, 1.420348
9.850099, 1.185270, 1.421173
9.848602, 1.204834, 1.420209
9.854218, 1.222701, 1.423169
9.851812, 1.250713, 1.425901
9.848033, 1.272552, 1.428533
9.836220, 1.299440, 1.439088
9.827737, 1.314371, 1.452061
9.825016, 1.328507, 1.461736
9.814720, 1.347222, 1.471403
9.821350, 1.358338, 1.492805
9.817125, 1.376053, 1.495651
9.809915, 1.395941, 1.508260
9.802337, 1.429775, 1.509115
9.795302, 1.449694, 1.508730
9.781644, 1.467610, 1.523205
9.790764, 1.483653, 1.531304
9.788464, 1.497759, 1.535674
9.790803, 1.521048, 1.546805
9.792367, 1.537930, 1.547882
9.787596, 1.552634, 1.549564
9.783816, 1.564310, 1.549421
9.789857, 1.578865, 1.551946
9.786003, 1.603735, 1.552584
9.780643, 1.614971, 1.549361
9.784216, 1.636780, 1.549491
9.780122, 1.659534, 1.548202
9.778345, 1.670084, 1.545968
9.772315, 1.693612, 1.545818
9.773049, 1.714012, 1.546841
9.771417, 1.739765, 1.545608
9.774423, 1.759692, 1.546948
9.777907, 1.788847, 1.546560
9.779762, 1.806982, 1.545386
9.779930, 1.823066, 1.545589
9.780946, 1.843761, 1.546029
9.779219, 1.858882, 1.545435
9.770262, 1.885382, 1.544587
9.767577, 1.897600, 1.542458
9.764556, 1.911164, 1.541883
9.774692, 1.926080, 1.543305
9.787113, 1.944894, 1.548297
9.788860, 1.958929, 1.548414
9.779401, 1.976792, 1.545577
9.775434, 1.993324, 1.543868
9.773851, 2.005005, 1.544314
9.769444, 2.015324, 1.542404
9.760908, 2.027565, 1.540417
9.760870, 2.059035, 1.543446
9.770362, 2.086930, 1.544177
9.777342, 2.117810, 1.539215
9.781478, 2.146135, 1.537072
9.786186, 2.176723, 1.538130
9.783770, 2.205249, 1.537796
9.789094, 2.247181, 1.539341
9.788047, 2.277476, 1.540519
9.788620, 2.307337, 1.540028
9.795537, 2.334249, 1.542811
9.793054, 2.370752, 1.543649
9.789507, 2.393464, 1.541140
9.794728, 2.430071, 1.549236
9.786882, 2.457898, 1.548377
9.787054, 2.490435, 1.549095
9.794181, 2.522865, 1.552890
9.794308, 2.548767, 1.550847
9.798510, 2.575938, 1.553432
9.793974, 2.605072, 1.552833
9.795086, 2.633107, 1.553324
9.792312, 2.656968, 1.553866
9.794716, 2.677752, 1.554618
9.793785, 2.701112, 1.554631
9.790056, 2.729169, 1.552599
9.789752, 2.748761, 1.553736
9.780024, 2.769472, 1.551806
9.775387, 2.787180, 1.549440
9.777663, 2.805086, 1.551271
9.772901, 2.823308, 1.548937
9.771468, 2.841483, 1.551710
9.776016, 2.865068, 1.550975
9.773075, 2.890212, 1.548415
9.774138, 2.910422, 1.548508
9.768497, 2.927725, 1.547578
9.772083, 2.944864, 1.546911
9.780186, 2.970942, 1.550637
9.782604, 2.986202, 1.551553
9.779143, 3.006391, 1.548922
9.771427, 3.020619, 1.546481
9.767007, 3.041987, 1.544622
9.772890, 3.057054, 1.547578
9.778843, 3.071899, 1.549983
9.773648, 3.084977, 1.548746
9.769252, 3.096102, 1.546818
9.767196, 3.112380, 1.545534
9.767425, 3.131266, 1.547734
9.765719, 3.145930, 1.548486
9.761988, 3.151105, 1.546120
9.762793, 3.168603, 1.546710
9.765284, 3.182838, 1.548666
9.763136, 3.199531, 1.547837
9.765638, 3.209450, 1.549017
9.762385, 3.229527, 1.550274
9.760273, 3.243641, 1.549519
9.761033, 3.258021, 1.549425
9.759607, 3.271722, 1.550893
9.759376, 3.285893, 1.552501
9.758713, 3.300491, 1.551541
9.755210, 3.315094, 1.552160
9.751273, 3.336996, 1.552214
9.750488, 3.354389, 1.550937
9.750664, 3.389279, 1.539545
9.759701, 3.431450, 1.542058
9.761261, 3.450092, 1.542389
9.764368, 3.483418, 1.542891
9.761430, 3.516534, 1.544605
9.764162, 3.547835, 1.544531
9.759046, 3.565871, 1.543371
9.755730, 3.578897, 1.541290
9.752007, 3.595662, 1.540801
9.764164, 3.625123, 1.544069
9.767457, 3.649564, 1.545281
9.763570, 3.666387, 1.546286
9.767227, 3.684411, 1.547972
9.769402, 3.703349, 1.549640
9.763875, 3.717843, 1.546593
9.760957, 3.733109, 1.546060
9.758103, 3.752328, 1.545653
9.761675, 3.764595, 1.548504
9.788186, 3.794472, 1.577795
9.794209, 3.826005, 1.569117
9.793268, 3.853543, 1.570273
9.793197, 3.879281, 1.571763
9.796162, 3.899177, 1.570998
9.791535, 3.928141, 1.571672
9.790880, 3.953041, 1.570443
9.789006, 3.982891, 1.568333
9.783206, 4.017657, 1.549267
9.782292, 4.046555, 1.552948
9.773749, 4.076355, 1.541633
9.773158, 4.106260, 1.545017
9.770765, 4.131976, 1.541928
9.768206, 4.158148, 1.541633
9.768694, 4.180689, 1.545354
9.769050, 4.203384, 1.546424
9.768352, 4.232103, 1.547890
9.771392, 4.262777, 1.551266
9.772147, 4.282738, 1.552973
9.776111, 4.304381, 1.553161
9.774116, 4.319922, 1.553072
9.778128, 4.343899, 1.555480
9.779785, 4.369017, 1.557948
9.784420, 4.398210, 1.559642
9.787327, 4.419904, 1.561986
9.796325, 4.448218, 1.565015
9.800758, 4.469290, 1.567512
9.804540, 4.500920, 1.559745
9.810379, 4.528843, 1.565128
9.817619, 4.555818, 1.572389
9.818310, 4.576545, 1.571153
9.814599, 4.592030, 1.572934
9.807866, 4.606257, 1.571404
9.798471, 4.622759, 1.567282
9.794958, 4.634519, 1.569079
9.789497, 4.652187, 1.567224
9.788271, 4.670095, 1.567261
9.787757, 4.679959, 1.566168
9.785198, 4.693094, 1.566844
9.782827, 4.707595, 1.566441
9.776817, 4.727013, 1.562664
9.776446, 4.737783, 1.564166
9.784084, 4.758260, 1.563768
9.788788, 4.782296, 1.562246
9.790524, 4.804819, 1.562007
9.795846, 4.826626, 1.564826
9.792061, 4.843929, 1.565127
9.792032, 4.866470, 1.565271
9.791775, 4.877741, 1.564553
9.792388, 4.889329, 1.566438
9.777276, 4.910229, 1.541258
9.768289, 4.932706, 1.536044
9.764354, 4.952288, 1.536502
9.766499, 4.972564, 1.532414
9.766385, 4.997660, 1.527147
9.768627, 5.019533, 1.532030
9.764922, 5.040540, 1.529311
9.762198, 5.057047, 1.530567
9.761409, 5.076730, 1.530050
9.761917, 5.089386, 1.530910
9.754069, 5.104715, 1.529993
9.753158, 5.126917, 1.530553
9.749947, 5.148789, 1.530797
9.763314, 5.173773, 1.551170
9.775878, 5.202318, 1.556145
9.781011, 5.227466, 1.561513
9.788464, 5.245863, 1.566696
9.792486, 5.267564, 1.569563
9.790165, 5.293814, 1.569241
9.791033, 5.318191, 1.573683
9.797094, 5.339529, 1.573667
9.802387, 5.359410, 1.573153
9.800634, 5.384606, 1.576254
9.801788, 5.410294, 1.577412
9.803074, 5.433767, 1.581328
9.805566, 5.455169, 1.582599
9.803353, 5.477993, 1.583010
9.806255, 5.500032, 1.586814
9.807597, 5.523171, 1.587078
9.813033, 5.545860, 1.590466
9.811422, 5.567607, 1.593580
9.814964, 5.585481, 1.596291
9.817596, 5.605056, 1.599413
9.819131, 5.619603, 1.601198
9.820362, 5.636305, 1.600900
9.818333, 5.650329, 1.600839
9.812158, 5.668019, 1.599634
9.808256, 5.686012, 1.599646
9.795817, 5.710950, 1.563422
9.785678, 5.732339, 1.555305
9.784354, 5.758342, 1.557054
9.782840, 5.780751, 1.557430
9.777147, 5.802189, 1.553901
9.781419, 5.820892, 1.555274
9.789072, 5.841857, 1.566880
9.789002, 5.861530, 1.562107
9.787634, 5.879984, 1.568194
9.793389, 5.897157, 1.570421
9.788842, 5.919540, 1.569387
9.787785, 5.944426, 1.572938
9.790945, 5.962032, 1.573946
9.800072, 5.982307, 1.581458
9.812466, 6.010485, 1.606614
9.817563, 6.031798, 1.610435
9.825488, 6.055096, 1.616233
9.820867, 6.082908, 1.588783
9.816210, 6.107373, 1.585510
9.818459, 6.136114, 1.586602
9.820485, 6.162301, 1.590294
9.821933, 6.188702, 1.592230
9.823514, 6.216558, 1.599228
9.829583, 6.248116, 1.604389
9.835862, 6.276314, 1.613827
9.837020, 6.301003, 1.613434
9.837971, 6.324508, 1.621968
9.835318, 6.343167, 1.620087
9.834526, 6.365680, 1.628005
9.836660, 6.384288, 1.631537
9.843115, 6.407732, 1.653132
9.849430, 6.439753, 1.664322
9.851074, 6.466861, 1.672086
9.851461, 6.488872, 1.676766
9.842862, 6.519245, 1.640645
9.839695, 6.542282, 1.617228
9.838626, 6.565918, 1.620487
9.832912, 6.584579, 1.619315
9.825523, 6.602828, 1.621224
9.824549, 6.620494, 1.624491
9.822610, 6.639972, 1.624126
9.818633, 6.658793, 1.627763
9.815165, 6.669714, 1.626434
9.807695, 6.683746, 1.624780
9.805748, 6.705999, 1.646143
9.800913, 6.716849, 1.626393
9.807166, 6.751357, 1.616391
9.809596, 6.784183, 1.623032
9.810298, 6.811005, 1.635056
9.811724, 6.835804, 1.642978
9.808685, 6.861849, 1.646093
9.805396, 6.885610, 1.653841
9.799237, 6.904432, 1.654384
9.797596, 6.921113, 1.653573
9.793549, 6.951024, 1.617122
9.794026, 6.975899, 1.624658
9.793460, 7.002084, 1.631514
9.784763, 7.023086, 1.629268
9.776535, 7.038617, 1.629288
9.775333, 7.066569, 1.593481
9.766517, 7.092924, 1.595231
9.759962, 7.115756, 1.598066
9.747222, 7.136089, 1.599785
9.730912, 7.154416, 1.596107
9.722389, 7.169009, 1.597901
9.712497, 7.192264, 1.557072
9.706915, 7.212288, 1.560315
9.697347, 7.231583, 1.564232
9.685974, 7.248916, 1.561970
9.688248, 7.274172, 1.531874
9.681273, 7.302836, 1.552488
9.670749, 7.328440, 1.563162
9.664746, 7.341506, 1.552924
9.656508, 7.373646, 1.539985
9.646773, 7.398177, 1.542111
9.638903, 7.417678, 1.548723
9.632026, 7.432751, 1.549346
9.622062, 7.447617, 1.552386
9.619404, 7.470626, 1.530716
9.614535, 7.491012, 1.533763
9.611204, 7.503836, 1.536881
9.604629, 7.526662, 1.517093
9.604112, 7.544791, 1.518680
9.599073, 7.558628, 1.522063
9.602239, 7.584676, 1.513231
9.595321, 7.600011, 1.512650
9.596369, 7.612016, 1.515999
9.597936, 7.645028, 1.521044
9.600215, 7.664633, 1.523016
9.602486, 7.676728, 1.528368
9.596644, 7.686239, 1.527052
9.590607, 7.696315, 1.525931
9.592552, 7.705366, 1.526484
9.593699, 7.716977, 1.526863
9.588698, 7.730854, 1.528038
9.591837, 7.748865, 1.530575
9.590458, 7.765142, 1.529929
9.590621, 7.785371, 1.533257
9.581908, 7.812416, 1.538522
9.578188, 7.840696, 1.546982
9.580892, 7.868836, 1.552551
9.585605, 7.885304, 1.556877
9.590198, 7.906499, 1.563817
9.589469, 7.927538, 1.568550
9.593880, 7.947987, 1.576624
9.592119, 7.965648, 1.583266
9.594383, 7.989065, 1.601887
9.603979, 8.014365, 1.611273
9.599311, 8.034050, 1.617739
9.595575, 8.053363, 1.630789
9.598013, 8.075206, 1.660213
9.596170, 8.091674, 1.653371
9.595450, 8.106099, 1.674969
9.588438, 8.130472, 1.701255
9.587204, 8.150764, 1.710430
9.589078, 8.165709, 1.732354
9.594526, 8.179471, 1.745393
9.596054, 8.201405, 1.763696
9.594508, 8.214305, 1.792225
9.586323, 8.232675, 1.812447
9.576309, 8.252019, 1.822436
9.566815, 8.267951, 1.851898
9.555660, 8.285296, 1.884633
9.554901, 8.295495, 1.898735
9.532960, 8.308465, 1.934338
9.534704, 8.318762, 1.950843
9.511441, 8.330047, 1.986708
9.492693, 8.342269, 2.019792
9.481864, 8.359121, 2.040622
9.460258, 8.375314, 2.055350
9.455783, 8.381755, 2.067179
9.446708, 8.393037, 2.109316
9.418848, 8.409143, 2.134948
9.398233, 8.411563, 2.147164
9.385885, 8.422643, 2.174176
9.369826, 8.440485, 2.207253
9.345367, 8.447990, 2.242275
9.316517, 8.449651, 2.242775
9.315679, 8.461855, 2.268910
9.280358, 8.477251, 2.291090
9.256905, 8.483810, 2.314163
9.256575, 8.488108, 2.342921
9.231243, 8.497728, 2.353962
9.226602, 8.512485, 2.380017
9.219725, 8.519013, 2.395886
9.212904, 8.523114, 2.409257
9.222022, 8.528235, 2.429533
9.196969, 8.541292, 2.458642
9.199674, 8.549986, 2.469867
9.188336, 8.557190, 2.499253
9.169302, 8.560710, 2.514079
9.138016, 8.568267, 2.527687
9.110848, 8.579507, 2.551140
9.116193, 8.584436, 2.561060
9.102186, 8.594200, 2.591126
9.091258, 8.596636, 2.612132
9.090247, 8.603390, 2.626223
9.059794, 8.605722, 2.634051
9.044967, 8.613472, 2.646512
9.005623, 8.611408, 2.678975
8.982102, 8.609032, 2.678174
8.971924, 8.616520, 2.705530
8.964167, 8.619210, 2.724033
8.949522, 8.623459, 2.724578
8.917726, 8.623484, 2.736019
8.884761, 8.624988, 2.758135
8.857500, 8.631201, 2.784974
8.842083, 8.626086, 2.791933
8.819432, 8.628361, 2.819802
8.786238, 8.629733, 2.839095
8.773088, 8.622431, 2.843787
8.751646, 8.619660, 2.870652
8.736639, 8.620264, 2.896881
8.710906, 8.620034, 2.905422
8.681704, 8.616619, 2.917326
8.673158, 8.613770, 2.939519
8.668702, 8.607050, 2.946385
8.645246, 8.602114, 2.957078
8.623426, 8.601190, 2.973613
8.606853, 8.595659, 2.977942
8.569609, 8.591416, 2.981044
8.526827, 8.593265, 2.990003
8.511083, 8.592840, 2.992677
8.492138, 8.594429, 3.001438
8.487530, 8.586444, 3.000609
8.448687, 8.589562, 3.008296
8.447114, 8.589977, 3.008771
8.458739, 8.592557, 3.009354
8.461083, 8.595643, 3.010814
8.458997, 8.597543, 3.012460
8.407102, 8.596714, 3.014342
8.374099, 8.597291, 3.015510
8.337948, 8.596479, 3.017776
8.306269, 8.601488, 3.020473
8.266207, 8.607590, 3.025687
8.283971, 8.605751, 3.028504
8.290118, 8.608566, 3.031341
8.282533, 8.608754, 3.033588
8.262539, 8.613287, 3.036447
8.237794, 8.615940, 3.037040
8.232923, 8.614114, 3.037249
8.195755, 8.621464, 3.041514
8.183455, 8.618006, 3.039478
8.178496, 8.616709, 3.039221
8.171611, 8.614033, 3.036389
8.126125, 8.616885, 3.039246
8.110059, 8.626705, 3.043743
8.077957, 8.629288, 3.044481
8.072279, 8.630074, 3.044407
8.047433, 8.630977, 3.044122
8.051074, 8.635363, 3.045053
8.016509, 8.639675, 3.047003
8.012260, 8.641062, 3.047677
7.963684, 8.642174, 3.048775
7.943167, 8.640393, 3.047952
7.927654, 8.647298, 3.050935
7.909054, 8.646597, 3.051506
7.907689, 8.647395, 3.053283
7.901667, 8.643370, 3.053751
7.871786, 8.645158, 3.055419
7.849875, 8.646471, 3.056625
7.805947, 8.644961, 3.056673
7.760065, 8.642479, 3.059659
7.727172, 8.644466, 3.066158
7.729435, 8.645514, 3.068347
7.686814, 8.649398, 3.070707
7.643362, 8.646515, 3.071305
7.631649, 8.648804, 3.073890
7.636292, 8.647526, 3.072341
7.662296, 8.646162, 3.071603
7.628538, 8.644806, 3.070257
7.595244, 8.646285, 3.070811
7.557961, 8.649559, 3.071264
7.573723, 8.649090, 3.071336
7.555746, 8.646075, 3.072808
7.521943, 8.646599, 3.071821
7.483366, 8.642392, 3.073666
7.441887, 8.646044, 3.074343
7.407463, 8.643562, 3.073920
7.394769, 8.645808, 3.075243
7.393703, 8.651981, 3.076737
7.370928, 8.652046, 3.079148
7.349905, 8.651189, 3.080204
7.342521, 8.653791, 3.080396
7.322094, 8.653692, 3.078992
7.321633, 8.650601, 3.079374
7.332015, 8.648340, 3.078840
7.284293, 8.650907, 3.080921
7.287300, 8.647270, 3.078929
7.293958, 8.648695, 3.079941
7.283646, 8.647680, 3.079736
7.240723, 8.646686, 3.079932
7.226078, 8.646818, 3.078835
7.214930, 8.646606, 3.078414
7.197998, 8.645020, 3.075759
7.166883, 8.649656, 3.075088
7.153591, 8.649832, 3.074991
7.143041, 8.647408, 3.074007
7.155435, 8.649169, 3.072584
7.121404, 8.648101, 3.071095
7.062531, 8.654533, 3.071407
7.032457, 8.654655, 3.071704
7.015760, 8.658223, 3.070743
7.005254, 8.660786, 3.068862
6.973497, 8.661350, 3.067266
6.940769, 8.663303, 3.067981
6.901293, 8.666321, 3.068433
6.891528, 8.668007, 3.066984
6.844798, 8.670555, 3.068072
6.810376, 8.671235, 3.067198
6.802716, 8.672118, 3.066371
6.803269, 8.675503, 3.066625
6.786570, 8.676815, 3.064929
6.779680, 8.677413, 3.066777
6.743171, 8.679562, 3.064580
6.722888, 8.680167, 3.065693
6.706894, 8.678615, 3.064657
6.699822, 8.679735, 3.065499
6.682423, 8.681067, 3.065946
6.663401, 8.683305, 3.066563
6.649547, 8.684401, 3.066911
6.633265, 8.687324, 3.068182
6.640470, 8.684418, 3.069793
6.618945, 8.682447, 3.069421
6.597861, 8.681375, 3.069218
6.550636, 8.683158, 3.069198
6.566403, 8.687693, 3.071009
6.570445, 8.688047, 3.070306
6.547946, 8.688511, 3.069214
6.522197, 8.692802, 3.071109
6.509715, 8.690956, 3.062039
6.473388, 8.691660, 3.061451
6.427752, 8.690516, 3.058049
6.406531, 8.689601, 3.056210
6.408572, 8.686283, 3.054101
6.430776, 8.689635, 3.053996
6.398699, 8.690615, 3.053139
6.382044, 8.690547, 3.052096
6.353185, 8.688783, 3.051696
6.344081, 8.687230, 3.051066
6.307577, 8.689848, 3.050693
6.257888, 8.690001, 3.050138
6.219386, 8.689480, 3.051430
6.206815, 8.686635, 3.050161
6.155707, 8.686590, 3.050355
6.151120, 8.689123, 3.051711
6.142009, 8.695261, 3.054527
6.088870, 8.690641, 3.055481
6.084211, 8.694708, 3.055450
6.098810, 8.695403, 3.057371
6.122968, 8.698015, 3.059798
6.111526, 8.695741, 3.061650
6.107020, 8.696078, 3.061857
6.090095, 8.701370, 3.063418
6.065549, 8.702625, 3.063979
6.002265, 8.703530, 3.064056
6.026391, 8.705684, 3.064662
5.990980, 8.706067, 3.064391
5.978494, 8.709237, 3.063767
5.974088, 8.712286, 3.066045
5.955050, 8.714113, 3.066299
5.966532, 8.712538, 3.065738
5.995014, 8.710428, 3.064651
5.985805, 8.711068, 3.064567
6.005682, 8.713134, 3.066475
5.958333, 8.714558, 3.069113
5.966141, 8.714674, 3.069029
5.894630, 8.715014, 3.072827
5.886839, 8.711322, 3.074046
5.856515, 8.709688, 3.072933
5.828640, 8.701641, 3.074861
5.808957, 8.700096, 3.076868
5.767700, 8.697787, 3.076336
5.780591, 8.694384, 3.080566
5.669495, 8.695304, 3.089596
5.634956, 8.694704, 3.091725
5.562743, 8.689776, 3.095017
5.483628, 8.691711, 3.094754
5.431963, 8.691634, 3.095015
5.373465, 8.693240, 3.094381
5.354342, 8.693157, 3.092535
5.323024, 8.693306, 3.091602
5.307995, 8.692355, 3.088987
5.321572, 8.692837, 3.087523
5.263938, 8.696808, 3.087420
5.247546, 8.695407, 3.086113
5.231369, 8.695936, 3.086327
5.209893, 8.692341, 3.082202
5.183601, 8.687368, 3.079335
5.155180, 8.683402, 3.078909
5.148135, 8.680450, 3.078218
5.116475, 8.684312, 3.078376
5.079711, 8.682739, 3.077598
5.076053, 8.683953, 3.076973
5.007530, 8.687045, 3.078046
5.035495, 8.689158, 3.078378
5.040091, 8.688246, 3.077370
4.986942, 8.688672, 3.078345
4.988578, 8.688647, 3.078013
4.965557, 8.689938, 3.079524
4.946302, 8.688447, 3.080002
4.942112, 8.687760, 3.078947
4.942037, 8.683378, 3.078918
4.907955, 8.683381, 3.080033
4.869314, 8.687078, 3.080241
4.857338, 8.687051, 3.080444
4.845648, 8.684560, 3.080173
4.826154, 8.685213, 3.079367
4.780527, 8.687877, 3.079244
4.776012, 8.686097, 3.077684
4.779316, 8.683156, 3.073135
4.755868, 8.687705, 3.074139
4.706889, 8.692778, 3.074349
4.688452, 8.692189, 3.074238
4.669700, 8.692956, 3.074372
4.680756, 8.690494, 3.073430
4.688225, 8.693090, 3.072269
4.696755, 8.700863, 3.073320
4.663260, 8.701036, 3.072656
4.611629, 8.701730, 3.074655
4.601934, 8.703453, 3.075171
4.602754, 8.701239, 3.074277
4.611740, 8.698194, 3.073018
4.586825, 8.698071, 3.072613
4.635700, 8.699534, 3.071318
4.610815, 8.701076, 3.071697
4.608746, 8.702135, 3.071249
4.537445, 8.700006, 3.070609
4.500815, 8.701813, 3.068884
4.481880, 8.705112, 3.071849
4.484814, 8.708081, 3.070572
4.475618, 8.710949, 3.071307
4.438467, 8.709206, 3.071465
4.399530, 8.705103, 3.067836
4.360941, 8.706003, 3.066483
4.335159, 8.708720, 3.067253
4.304779, 8.712566, 3.071171
4.321255, 8.716332, 3.067786
4.266725, 8.720375, 3.068239
4.243456, 8.725355, 3.068122
4.198204, 8.722894, 3.067524
4.103549, 8.723292, 3.067973
4.096787, 8.729416, 3.068250
4.112067, 8.730397, 3.069823
4.087026, 8.733827, 3.070056
4.065065, 8.730634, 3.069517
4.037901, 8.729912, 3.068488
4.016932, 8.731462, 3.067643
3.958821, 8.732323, 3.067947
3.905184, 8.741988, 3.075498
3.868284, 8.744611, 3.073333
3.867627, 8.751210, 3.077319
3.830135, 8.746265, 3.067853
3.809952, 8.747663, 3.066429
3.848567, 8.747951, 3.068071
3.827087, 8.747070, 3.067202
3.793181, 8.747377, 3.066743
3.706138, 8.744772, 3.064834
3.703541, 8.760074, 3.074008
3.699981, 8.762016, 3.075143
3.677864, 8.769686, 3.074435
3.638419, 8.768823, 3.067546
3.575994, 8.766461, 3.067473
3.602221, 8.770440, 3.067222
3.565953, 8.768544, 3.065486
3.503529, 8.765059, 3.063494
3.491698, 8.768049, 3.064638
3.412225, 8.766011, 3.062475
3.353504, 8.772032, 3.063025
3.325004, 8.771179, 3.062631
3.288618, 8.772458, 3.062450
3.192512, 8.774587, 3.062525
3.211189, 8.774033, 3.062388
3.187029, 8.776051, 3.061204
3.159759, 8.775789, 3.060788
3.101026, 8.775510, 3.060942
3.112663, 8.776970, 3.059423
3.075238, 8.781464, 3.055619
3.103068, 8.785345, 3.055205
3.050326, 8.788602, 3.057078
3.033372, 8.790488, 3.054818
3.007542, 8.787117, 3.054903
3.002895, 8.786923, 3.050657
2.982663, 8.792422, 3.048855
2.924699, 8.798345, 3.051154
2.907752, 8.801713, 3.049309
2.892296, 8.806730, 3.049006
2.842288, 8.805519, 3.048945
2.793826, 8.808199, 3.048604
2.727365, 8.812713, 3.046802
2.718984, 8.816947, 3.047483
2.752482, 8.822039, 3.045943
2.720634, 8.821879, 3.047049
2.717425, 8.824463, 3.045990
2.708631, 8.828452, 3.045757
2.700773, 8.829521, 3.046156
2.642245, 8.829502, 3.046134
2.593233, 8.833524, 3.045400
2.576339, 8.836133, 3.048167
2.539896, 8.836628, 3.048078
2.467422, 8.841665, 3.049611
2.402767, 8.841368, 3.049830
2.378677, 8.842801, 3.051083
2.387474, 8.844004, 3.051142
2.355624, 8.848122, 3.054388
2.318459, 8.847706, 3.055431
2.300721, 8.844768, 3.054217
2.281922, 8.849201, 3.056009
2.287849, 8.847985, 3.056396
2.257244, 8.848808, 3.056833
2.234426, 8.852100, 3.059229
2.221835, 8.857108, 3.060002
2.147497, 8.860288, 3.061001
2.155552, 8.860768, 3.062491
2.166687, 8.861005, 3.067406
2.127831, 8.860952, 3.073266
2.097378, 8.860245, 3.083068
2.097855, 8.860432, 3.094381
2.096168, 8.858933, 3.102894
2.055114, 8.864107, 3.113879
2.078046, 8.860576, 3.117907
2.058813, 8.855830, 3.128570
2.050802, 8.853808, 3.141102
2.011809, 8.851933, -3.130340
1.959354, 8.850164, -3.126443
1.962594, 8.839679, -3.128537
2.003569, 8.836500, -3.117328
2.013797, 8.834881, -3.105937
2.019773, 8.834638, -3.099171
1.992133, 8.831585, -3.090981
1.977352, 8.824984, -3.084700
1.923575, 8.812261, -3.080630
1.839996, 8.809127, -3.072841
1.800029, 8.801989, -3.070245
1.772153, 8.799452, -3.068589
1.783839, 8.791255, -3.066874
1.756419, 8.786679, -3.067636
1.754544, 8.780541, -3.068831
1.747047, 8.775034, -3.070279
1.672692, 8.769179, -3.071863
1.632189, 8.764309, -3.073268
1.597714, 8.762403, -3.074111
1.611703, 8.762741, -3.075413
1.573825, 8.759719, -3.076589
1.455789, 8.753920, -3.076647
1.500233, 8.753123, -3.077850
1.506768, 8.748912, -3.079317
1.472399, 8.742602, -3.081431
1.475106, 8.737887, -3.081497
1.507217, 8.733774, -3.081556
1.526310, 8.732317, -3.081822
1.459029, 8.732750, -3.080828
1.337536, 8.726337, -3.081567
1.285206, 8.724243, -3.082053
1.292071, 8.717396, -3.082116
1.282275, 8.717915, -3.082139
1.245684, 8.717522, -3.081671
1.173030, 8.716520, -3.081652
1.097850, 8.712536, -3.082887
1.096221, 8.707644, -3.083027
1.130157, 8.699376, -3.086796
1.153880, 8.699400, -3.086313
1.125414, 8.700387, -3.085540
1.101569, 8.696332, -3.088011
1.047696, 8.690876, -3.090174
1.001462, 8.695103, -3.088877
0.961819, 8.693692, -3.090669
0.955305, 8.692970, -3.089560
0.897339, 8.691410, -3.090747
0.832630, 8.690861, -3.091329
0.775664, 8.688892, -3.091781
0.754026, 8.688429, -3.092287
0.722081, 8.684385, -3.092386
0.705319, 8.678215, -3.092645
0.697574, 8.675327, -3.095337
0.723465, 8.678357, -3.094112
0.653793, 8.667848, -3.095843
0.667976, 8.665205, -3.096776
0.673819, 8.656006, -3.097122
0.690025, 8.656035, -3.096206
0.689779, 8.654726, -3.097566
0.698334, 8.652721, -3.098012
0.726032, 8.650030, -3.098715
0.800691, 8.645607, -3.100066
0.767256, 8.643400, -3.099245
0.699246, 8.641306, -3.097862
0.665083, 8.637802, -3.093937
0.673167, 8.641804, -3.094347
0.633502, 8.643131, -3.093775
0.544389, 8.642997, -3.093505
0.556047, 8.645027, -3.092022
0.540032, 8.643152, -3.091921
0.616331, 8.637519, -3.093733
0.564906, 8.627372, -3.096391
0.590708, 8.626275, -3.096475
0.566573, 8.625224, -3.096723
0.579498, 8.621525, -3.097460
0.554252, 8.620046, -3.097230
0.610492, 8.620738, -3.096897
0.609193, 8.619051, -3.097150
0.518159, 8.614312, -3.098283
0.565379, 8.617304, -3.098458
0.464726, 8.612688, -3.097786
0.389502, 8.615200, -3.098050
0.442140, 8.612508, -3.098677
0.377806, 8.605138, -3.100365
0.399962, 8.603566, -3.099561
0.392923, 8.601508, -3.100203
0.255324, 8.599026, -3.098575
0.172171, 8.598287, -3.100388
0.071218, 8.596432, -3.099786
0.076706, 8.593701, -3.103107
0.032339, 8.592818, -3.104530
0.026308, 8.593715, -3.107340
0.049579, 8.596113, -3.109798
0.026453, 8.598464, -3.111379
-0.060783, 8.605950, -3.113641
-0.075405, 8.598749, -3.127431
-0.128648, 8.598101, -3.131101
-0.076153, 8.591605, -3.138700
-0.074670, 8.590974, 3.140462
-0.094326, 8.597597, 3.137567
-0.114300, 8.598525, 3.133752
-0.111737, 8.602813, 3.127582
-0.170738, 8.601719, 3.115275
-0.254116, 8.603296, 3.114508
-0.209224, 8.595983, 3.108427
-0.329086, 8.595554, 3.107273
-0.323782, 8.596331, 3.105186
-0.389556, 8.596167, 3.103903
-0.401587, 8.599319, 3.105177
-0.447758, 8.600853, 3.105437
-0.415680, 8.600451, 3.104442
-0.424042, 8.603641, 3.103932
-0.656317, 8.600869, 3.101960
-0.631130, 8.601744, 3.102377
-0.590641, 8.603051, 3.101758
-0.524410, 8.604256, 3.101768
-0.505750, 8.604635, 3.101541
-0.484698, 8.603550, 3.101857
-0.456585, 8.604303, 3.100833
-0.483204, 8.607570, 3.100716
-0.421496, 8.607385, 3.102356
-0.424102, 8.605817, 3.101383
-0.394155, 8.603726, 3.100559
-0.392342, 8.601372, 3.100263
-0.390445, 8.604809, 3.101108
-0.429573, 8.604272, 3.099031
-0.369859, 8.603718, 3.096501
-0.380697, 8.602794, 3.095903
-0.420968, 8.603808, 3.094364
-0.416314, 8.606046, 3.094207
-0.479842, 8.607662, 3.094316
-0.573504, 8.606069, 3.091335
-0.569041, 8.609670, 3.091059
-0.573514, 8.608137, 3.088723
-0.571652, 8.614533, 3.089517
-0.530771, 8.616604, 3.088480
-0.604400, 8.614812, 3.088702
-0.589281, 8.615466, 3.089542
-0.617128, 8.620422, 3.089049
-0.643806, 8.624344, 3.090579
-0.672379, 8.628962, 3.089936
-0.708799, 8.630895, 3.091490
-0.790259, 8.628154, 3.090536
-0.927544, 8.627039, 3.091392
-0.978609, 8.624103, 3.089348
-1.033939, 8.622373, 3.089148
-1.113163, 8.624551, 3.087444
-1.153371, 8.621494, 3.084660
-1.207455, 8.622347, 3.084830
-1.214561, 8.620847, 3.081245
-1.235838, 8.623594, 3.078659
-1.276634, 8.626764, 3.079275
-1.348243, 8.625850, 3.075173
-1.285391, 8.625120, 3.068593
-1.269679, 8.622394, 3.067741
-1.263244, 8.623126, 3.066706
-1.221366, 8.626914, 3.065566
-1.260649, 8.633181, 3.066354
-1.292815, 8.635683, 3.064825
-1.301643, 8.640644, 3.064111
-1.307249, 8.644142, 3.063692
-1.363536, 8.652569, 3.063669
-1.417984, 8.656729, 3.062431
-1.459280, 8.661941, 3.061609
-1.528812, 8.665535, 3.060826
-1.467108, 8.672363, 3.060399
-1.523152, 8.672806, 3.059607
-1.605985, 8.668895, 3.052321
-1.589507, 8.671424, 3.054951
-1.651260, 8.673845, 3.053399
-1.628438, 8.678052, 3.054563
-1.667665, 8.685784, 3.054084
-1.631728, 8.683241, 3.053340
-1.672223, 8.677401, 3.049818
-1.643717, 8.677253, 3.041466
-1.563852, 8.675538, 3.037152
-1.564025, 8.677712, 3.036759
-1.569028, 8.679406, 3.036892
-1.582211, 8.681766, 3.035551
-1.601649, 8.684417, 3.034539
-1.584167, 8.688976, 3.033224
-1.526894, 8.690564, 3.030363
-1.581871, 8.690087, 3.031012
-1.612938, 8.692712, 3.028196
-1.612922, 8.695725, 3.026067
-1.662268, 8.699761, 3.026900
-1.602110, 8.699906, 3.032689
-1.638129, 8.695716, 3.044121
-1.717454, 8.697917, 3.047878
-1.903464, 8.700586, 3.056244
-2.006717, 8.700245, 3.064559
-2.053212, 8.697157, 3.070178
-2.107517, 8.700551, 3.081733
-2.180689, 8.697793, 3.086131
-2.265111, 8.694585, 3.087653
-2.357129, 8.690532, 3.097297
-2.345982, 8.688374, 3.104953
-2.327435, 8.683189, 3.102573
-2.312890, 8.679622, 3.101280
-2.382938, 8.678686, 3.100494
-2.351117, 8.679444, 3.099896
-2.403974, 8.678332, 3.097590
-2.467061, 8.678835, 3.097060
-2.539254, 8.668224, 3.093708
-2.590015, 8.666032, 3.091147
-2.589261, 8.669289, 3.091342
-2.522892, 8.674761, 3.094052
-2.515435, 8.676968, 3.094581
-2.572633, 8.678016, 3.094096
-2.595123, 8.674810, 3.092376
-2.627002, 8.673697, 3.092968
-2.696886, 8.675198, 3.093090
-2.717999, 8.675380, 3.092071
-2.783924, 8.679875, 3.093517
-2.847541, 8.682049, 3.093807
-2.724323, 8.680649, 3.094101
-2.760468, 8.682562, 3.094421
-2.796604, 8.677681, 3.093294
-2.806581, 8.677110, 3.091449
-2.964348, 8.676400, 3.091529
-2.961145, 8.679445, 3.091377
-2.865178, 8.681432, 3.090146
-2.872409, 8.681456, 3.090554
-2.900894, 8.685280, 3.090129
-2.897409, 8.689378, 3.090217
-2.901680, 8.692080, 3.090121
-2.896402, 8.696308, 3.090335
-2.937216, 8.693514, 3.087074
-2.910232, 8.687301, 3.084323
-3.020315, 8.689933, 3.082349
-3.150871, 8.687256, 3.082568
-3.114112, 8.687644, 3.080825
-3.220038, 8.685915, 3.080101
-3.325616, 8.680038, 3.071911
-3.539207, 8.678899, 3.070464
-3.731401, 8.680394, 3.071693
-3.919895, 8.675076, 3.069674
-4.048878, 8.680261, 3.069392
-4.143585, 8.678080, 3.069808
-4.220469, 8.681153, 3.069693
-4.348563, 8.678809, 3.068937
-4.385477, 8.676241, 3.068358
-4.526677, 8.678681, 3.067882
-4.637638, 8.681101, 3.066731
-4.689916, 8.685740, 3.067469
-4.795198, 8.691433, 3.068467
-4.938551, 8.691112, 3.069346
-4.992442, 8.694032, 3.069035
-5.037447, 8.698468, 3.069634
-5.088967, 8.698289, 3.068754
-5.110698, 8.700644, 3.067434
-5.147403, 8.701538, 3.068186
-5.175454, 8.710458, 3.070303
-5.198061, 8.712326, 3.069424
-5.224258, 8.715099, 3.069285
-5.246955, 8.714581, 3.069028
-5.279230, 8.715155, 3.069423
-5.308654, 8.711631, 3.070287
-5.340969, 8.710980, 3.071157
-5.359527, 8.712800, 3.071486
-5.380724, 8.715777, 3.072694
-5.402160, 8.715528, 3.074711
-5.421245, 8.712190, 3.074012
-5.452785, 8.710192, 3.074033
-5.489015, 8.705459, 3.075647
-5.526195, 8.699502, 3.073929
-5.550707, 8.696935, 3.073213
-5.566877, 8.696466, 3.074078
-5.582447, 8.697341, 3.074826
-5.607148, 8.693053, 3.074530
-5.627841, 8.693257, 3.076855
-5.656842, 8.689035, 3.076968
-5.687601, 8.684657, 3.076097
-5.700253, 8.679728, 3.078552
-5.726997, 8.679702, 3.079045
-5.729073, 8.680738, 3.080407
-5.763394, 8.676510, 3.081928
-5.795765, 8.672303, 3.081534
-5.819817, 8.672676, 3.082694
-5.849218, 8.676000, 3.083899
-5.885280, 8.673035, 3.082972
-5.917469, 8.676441, 3.084038
-5.931001, 8.676822, 3.083560
-5.965354, 8.681858, 3.084847
-5.991966, 8.682300, 3.083600
-6.003420, 8.685661, 3.084348
-6.029232, 8.686948, 3.083568
-6.060243, 8.685960, 3.084302
-6.081226, 8.680612, 3.083829
-6.119061, 8.679372, 3.082679
-6.142536, 8.680220, 3.083863
-6.169852, 8.682419, 3.084513
-6.199557, 8.686415, 3.084057
-6.235304, 8.689721, 3.086251
-6.264025, 8.691002, 3.089123
-6.287973, 8.690603, 3.089414
-6.320441, 8.692187, 3.089067
-6.353530, 8.690534, 3.088293
-6.375452, 8.690557, 3.090209
-6.384296, 8.695414, 3.091111
-6.406950, 8.698714, 3.093298
-6.433319, 8.696793, 3.091602
-6.459847, 8.699013, 3.093496
-6.472246, 8.697201, 3.093234
-6.490580, 8.694552, 3.092626
-6.518755, 8.693208, 3.092407
-6.551078, 8.704359, 3.105499
-6.587743, 8.712115, 3.109124
-6.625570, 8.715577, 3.110033
-6.663894, 8.720578, 3.110513
-6.692122, 8.722389, 3.113526
-6.713170, 8.721555, 3.112898
-6.763984, 8.725727, 3.113395
-6.806584, 8.729622, 3.114426
-6.829956, 8.733688, 3.113659
-6.856010, 8.736508, 3.114003
-6.890682, 8.739100, 3.114400
-6.926704, 8.738721, 3.114934
-6.957755, 8.742654, 3.114400
-6.968118, 8.726935, 3.098087
-6.978652, 8.722244, 3.093777
-6.984443, 8.716657, 3.091565
-7.011215, 8.716475, 3.092751
-7.036922, 8.714476, 3.091144
-7.060349, 8.711975, 3.090246
-7.077718, 8.711190, 3.088579
-7.101995, 8.710764, 3.088448
-7.125117, 8.708722, 3.086235
-7.149453, 8.710667, 3.087437
-7.175589, 8.714061, 3.087786
-7.197345, 8.715940, 3.086354
-7.219841, 8.714869, 3.088086
-7.249545, 8.711306, 3.086123
-7.278299, 8.713413, 3.086398
-7.303642, 8.715347, 3.085729
-7.333293, 8.717671, 3.089077
-7.358147, 8.719499, 3.088012
-7.394903, 8.721421, 3.087893
-7.416542, 8.728495, 3.089197
-7.439471, 8.729603, 3.090581
-7.451062, 8.731563, 3.089000
-7.478709, 8.737855, 3.089809
-7.500723, 8.736885, 3.090076
-7.520656, 8.732317, 3.087196
-7.544333, 8.734444, 3.090105
-7.598931, 8.739329, 3.105458
-7.629361, 8.747607, 3.107710
-7.672760, 8.753392, 3.108891
-7.706354, 8.757858, 3.106596
-7.748878, 8.764372, 3.108997
-7.781086, 8.764060, 3.109023
-7.816526, 8.768027, 3.108376
-7.840678, 8.770570, 3.108692
-7.879101, 8.777463, 3.112386
-7.907240, 8.780381, 3.112695
-7.929559, 8.784190, 3.113303
-7.948576, 8.785083, 3.113993
-7.971544, 8.791757, 3.113140
-7.997750, 8.793337, 3.114231
-8.063632, 8.786155, 3.098040
-8.102709, 8.782461, 3.096549
-8.150616, 8.782879, 3.097818
-8.188751, 8.776033, 3.094792
-8.213969, 8.769595, 3.093309
-8.245030, 8.767173, 3.091697
-8.280788, 8.767283, 3.091946
-8.315653, 8.765939, 3.093046
-8.338582, 8.769219, 3.092479
-8.361084, 8.765473, 3.091511
-8.367791, 8.765683, 3.090788
-8.391190, 8.767239, 3.090862
-8.402716, 8.767728, 3.090573
-8.545891, 8.774335, 3.094309
-8.571437, 8.778750, 3.092921
-8.607601, 8.784312, 3.098074
-8.624262, 8.779580, 3.096689
-8.634419, 8.778868, 3.095280
-8.643320, 8.779315, 3.096243
-8.659894, 8.781304, 3.097311
-8.670466, 8.778756, 3.095835
-8.689318, 8.777783, 3.094978
-8.693326, 8.774687, 3.096321
-8.709276, 8.772266, 3.095988
-8.724221, 8.773176, 3.095547
-8.743170, 8.772778, 3.096028
-8.769142, 8.770897, 3.095284
-8.792127, 8.773496, 3.097327
-8.821491, 8.773390, 3.097766
-8.847240, 8.772013, 3.096316
-8.870637, 8.771421, 3.097768
-8.893941, 8.775619, 3.097745
-8.916749, 8.776911, 3.098512
-8.936287, 8.778493, 3.098775
-8.946117, 8.777605, 3.097687
-8.963405, 8.779768, 3.096595
-8.986316, 8.781570, 3.096720
-9.013855, 8.784323, 3.096326
-9.033657, 8.788432, 3.099686
-9.065092, 8.788067, 3.098064
-9.084378, 8.787945, 3.097460
-9.106728, 8.786904, 3.094323
-9.133159, 8.790169, 3.097498
-9.154360, 8.793163, 3.097511
-9.174252, 8.794027, 3.097378
-9.194807, 8.799211, 3.100953
-9.217429, 8.800256, 3.100554
-9.233289, 8.805560, 3.103202
-9.261646, 8.808282, 3.102467
-9.288883, 8.809543, 3.102155
-9.313611, 8.814772, 3.102754
-9.336947, 8.816264, 3.104580
-9.377753, 8.807384, 3.079150
-9.421523, 8.802387, 3.079121
-9.450976, 8.794156, 3.075859
-9.481258, 8.788242, 3.071872
-9.506131, 8.788120, 3.073467
-9.534613, 8.783400, 3.070685
-9.551833, 8.785046, 3.070863
-9.570210, 8.779040, 3.067010
-9.599868, 8.779652, 3.067498
-9.623291, 8.780798, 3.068511
-9.645150, 8.783177, 3.070456
-9.666239, 8.782615, 3.069761
-9.687326, 8.784603, 3.070691
-9.712640, 8.787337, 3.071820
-9.738785, 8.794432, 3.073997
-9.758396, 8.794178, 3.075755
-9.774729, 8.796166, 3.076451
-9.796342, 8.799512, 3.074134
-9.815982, 8.800663, 3.075549
-9.837256, 8.801005, 3.075284
-9.852705, 8.802717, 3.075967
-9.870365, 8.804649, 3.077500
-9.891079, 8.803191, 3.076528
-9.913501, 8.805377, 3.079503
-9.937690, 8.804512, 3.076794
-9.956684, 8.805516, 3.077014
-9.985045, 8.805352, 3.078049
-10.000925, 8.807060, 3.080443
-10.024087, 8.804699, 3.074869
-10.048269, 8.805071, 3.076149
-10.071443, 8.807651, 3.080212
-10.079268, 8.809927, 3.079408
-10.113161, 8.804379, 3.051685
-10.148653, 8.797212, 3.048518
-10.318812, 8.810937, 3.087074
-10.349031, 8.811982, 3.087484
-10.379075, 8.809130, 3.091362
-10.413019, 8.807091, 3.090898
-10.432538, 8.805251, 3.091107
-10.447269, 8.800103, 3.092290
-10.472588, 8.796825, 3.091236
-10.482230, 8.788162, 3.087305
-10.507098, 8.782975, 3.088557
-10.533933, 8.791664, -3.130414
-10.551762, 8.790518, -3.129213
-10.560410, 8.791194, -3.123796
-10.585791, 8.789475, -3.123199
-10.618287, 8.784313, -3.119781
-10.632245, 8.782255, -3.122700
-10.635282, 8.777322, -3.121959
-10.646984, 8.774227, -3.124129
-10.667292, 8.767655, -3.124496
-10.690957, 8.761933, -3.127550
-10.713061, 8.759812, -3.130166
-10.730987, 8.759605, -3.127531
-10.774607, 8.761962, -3.096423
-10.808037, 8.767135, -3.093011
-10.868493, 8.763141, -3.124057
-10.918219, 8.756853, -3.126191
-10.947527, 8.753613, -3.127995
-10.976010, 8.755008, -3.125931
-11.006552, 8.755321, -3.126734
-11.033511, 8.753747, -3.125584
-11.054844, 8.750449, -3.127215
-11.076444, 8.747804, -3.128891
-11.101002, 8.750385, -3.126456
-11.121817, 8.748445, -3.126551
-11.145955, 8.744942, -3.130735
-11.181140, 8.740950, 3.118364
-11.249441, 8.741073, -3.131221
-11.304042, 8.738984, -3.129975
-11.336639, 8.742780, -3.128388
-11.349854, 8.741698, -3.128576
-11.355343, 8.738605, -3.131140
-11.368102, 8.737351, -3.129958
-11.391846, 8.734978, -3.133379
-11.411329, 8.732217, -3.134125
-11.428750, 8.727751, -3.137082
-11.466906, 8.725592, 3.112152
-11.493845, 8.725442, 3.112478
-11.518892, 8.724322, 3.110196
-11.539219, 8.721943, 3.107945
-11.552617, 8.719718, 3.112117
-11.583765, 8.719558, -3.138839
-11.610085, 8.717680, -3.141559
-11.630956, 8.715523, 3.141554
-11.640702, 8.712725, 3.138183
-11.678599, 8.711950, 3.103257
-11.700013, 8.710564, 3.102683
-11.718897, 8.712766, 3.106640
-11.731597, 8.710728, 3.105798
-11.739905, 8.709505, 3.103225
-11.754691, 8.708854, 3.105700
-11.772821, 8.712310, 3.108680
-11.806817, 8.710675, 3.137489
-11.830748, 8.708947, 3.136573
-11.872838, 8.708851, 3.104918
-11.899833, 8.709375, 3.105192
-11.920825, 8.710832, 3.106734
-11.961024, 8.705495, 3.133825
-11.986740, 8.706920, 3.135908
-12.005187, 8.707413, 3.134870
-12.033341, 8.709566, 3.109125
-12.050020, 8.710503, 3.109068
-12.083720, 8.708478, 3.136981
-12.103880, 8.703920, 3.132156
-12.115659, 8.697436, 3.130973
-12.126884, 8.696078, 3.131612
-12.133906, 8.695296, 3.128749
-12.162539, 8.701849, 3.108848
-12.200114, 8.700413, 3.131034
-12.219885, 8.698894, 3.131683
-12.237697, 8.700561, 3.130831
-12.265563, 8.704515, 3.108485
-12.299513, 8.702399, 3.127490
-12.320850, 8.700762, 3.128819
-12.351226, 8.707967, 3.107912
-12.365174, 8.709806, 3.105687
-12.397550, 8.703974, 3.121699
-12.412094, 8.700900, 3.122288
-12.440663, 8.710326, 3.125565
-12.472749, 8.705072, 3.134991
-12.491963, 8.701690, 3.110115
-12.517408, 8.706475, 3.100350
-12.552883, 8.708079, 3.115442
-12.570679, 8.704629, 3.115547
-12.596482, 8.713907, 3.110333
-12.627993, 8.715009, 3.115177
-12.639436, 8.713961, 3.114983
-12.650459, 8.711465, 3.114031
-12.681877, 8.707581, 3.120023
-12.693268, 8.702479, 3.116982
-12.730073, 8.690922, 3.121143
-12.752881, 8.687710, 3.136975
-12.788093, 8.680843, -3.139545
-12.798813, 8.673687, -3.141562
-12.844797, 8.671823, -3.134431
-12.869675, 8.667774, -3.130356
-12.906565, 8.674042, -3.122788
-12.925880, 8.679219, -3.122717
-12.948168, 8.676034, -3.092155
-12.969297, 8.676563, -3.084212
-12.983604, 8.677644, -3.077410
-12.980781, 8.662653, -3.062113
-13.024345, 8.648424, -3.035504
-13.052895, 8.637263, -3.030314
-13.079659, 8.631622, -3.016693
-13.082979, 8.626213, -3.004736
-13.088744, 8.622073, -3.000240
-13.131373, 8.617224, -2.977445
-13.163795, 8.624219, -2.963481
-13.182248, 8.623120, -2.959520
-13.179985, 8.620533, -2.936246
-13.215224, 8.607806, -2.912097
-13.240779, 8.596637, -2.904897
-13.263514, 8.597657, -2.893350
-13.309784, 8.594474, -2.875015
-13.314601, 8.586153, -2.862909
-13.337223, 8.591198, -2.845840
-13.348779, 8.594423, -2.844312
-13.355912, 8.582527, -2.808357
-13.367317, 8.558185, -2.804987
-13.392831, 8.539268, -2.789180
-13.416154, 8.518371, -2.776345
-13.431201, 8.497766, -2.762451
-13.469495, 8.483523, -2.740269
-13.472767, 8.462540, -2.707174
-13.483708, 8.442761, -2.699942
-13.505805, 8.424272, -2.684570
-13.525944, 8.405765, -2.665276
-13.550575, 8.389350, -2.647932
-13.559918, 8.341611, -2.623072
-13.578104, 8.327061, -2.592568
-13.591781, 8.310488, -2.587596
-13.619073, 8.296546, -2.561207
-13.623537, 8.262825, -2.533947
-13.642370, 8.233885, -2.519821
-13.647073, 8.222650, -2.497130
-13.672912, 8.211630, -2.469761
-13.689854, 8.188627, -2.460919
-13.699225, 8.162648, -2.428547
-13.705200, 8.140722, -2.405305
-13.719088, 8.118814, -2.389456
-13.734126, 8.101086, -2.374731
-13.742351, 8.071255, -2.349856
-13.749885, 8.043204, -2.332643
-13.768005, 8.019817, -2.329624
-13.770104, 8.017484, -2.294197
-13.776279, 8.010802, -2.288270
-13.785684, 7.990240, -2.256284
-13.782833, 7.960053, -2.245316
-13.804599, 7.932961, -2.218202
-13.811613, 7.909637, -2.215549
-13.815141, 7.889140, -2.164093
-13.813674, 7.859524, -2.146940
-13.826814, 7.831504, -2.134738
-13.830969, 7.806587, -2.091865
-13.819881, 7.784146, -2.076616
-13.817021, 7.740197, -2.037396
-13.829904, 7.722894, -2.002802
-13.838290, 7.717529, -2.000702
-13.836165, 7.710837, -1.994383
-13.816895, 7.663133, -1.966019
-13.830739, 7.620194, -1.943925
-13.845274, 7.570220, -1.925447
-13.821533, 7.544762, -1.891442
-13.839992, 7.522695, -1.861906
-13.848522, 7.494830, -1.850940
-13.838115, 7.473584, -1.803555
-13.826389, 7.447362, -1.810038
-13.835013, 7.431095, -1.781579
-13.841163, 7.402130, -1.779069
-13.817718, 7.355899, -1.749773
-13.818505, 7.328721, -1.734058
-13.828054, 7.311075, -1.707727
-13.811340, 7.271456, -1.686779
-13.798843, 7.237930, -1.676191
-13.803339, 7.212007, -1.663093
-13.794758, 7.170392, -1.637430
-13.780866, 7.153547, -1.624968
-13.780465, 7.130229, -1.619170
-13.776691, 7.112679, -1.603104
-13.756632, 7.083870, -1.582645
-13.763191, 7.053690, -1.568080
-13.776341, 7.021820, -1.553801
-13.794876, 6.989804, -1.533940
-13.804474, 6.965807, -1.533962
-13.781738, 6.918324, -1.527198
-13.771039, 6.885720, -1.528897
-13.762374, 6.849676, -1.530409
-13.760727, 6.829209, -1.530904
-13.756718, 6.805001, -1.531715
-13.758313, 6.781349, -1.530373
-13.751384, 6.753832, -1.532067
-13.748433, 6.739490, -1.532808
-13.752049, 6.712214, -1.532281
-13.753748, 6.695215, -1.532075
-13.711277, 6.655607, -1.535028
-13.696237, 6.619325, -1.539103
-13.706639, 6.572221, -1.547091
-13.716541, 6.541707, -1.543531
-13.707580, 6.514925, -1.552632
-13.707902, 6.488820, -1.555143
-13.701629, 6.463232, -1.561265
-13.698867, 6.442602, -1.567262
-13.700548, 6.429386, -1.567511
-13.700261, 6.418154, -1.571663
-13.710325, 6.390943, -1.577461
-13.715237, 6.370326, -1.576055
-13.722753, 6.357611, -1.575429
-13.721665, 6.341010, -1.576618
-13.689308, 6.290938, -1.580636
-13.672269, 6.256540, -1.588078
-13.672436, 6.230312, -1.592248
-13.691777, 6.197272, -1.592515
-13.696499, 6.171558, -1.591212
-13.696819, 6.149435, -1.589991
-13.700309, 6.137763, -1.592636
-13.698440, 6.123535, -1.592207
-13.685803, 6.089894, -1.589288
-13.697092, 6.040023, -1.593117
-13.705381, 6.016820, -1.590729
-13.696455, 5.991544, -1.597649
-13.686869, 5.980097, -1.600074
-13.688094, 5.967248, -1.602633
-13.718492, 5.936275, -1.596669
-13.694224, 5.897971, -1.598411
-13.683857, 5.877264, -1.602772
-13.686831, 5.860644, -1.601862
-13.682222, 5.848489, -1.604105
-13.689428, 5.789809, -1.602709
-13.689318, 5.766781, -1.602913
-13.693444, 5.751751, -1.601057
-13.692784, 5.738238, -1.603445
-13.693174, 5.725302, -1.603443
-13.704745, 5.695932, -1.602921
-13.692942, 5.665835, -1.603849
-13.692733, 5.644958, -1.605785
-13.690776, 5.631031, -1.606845
-13.709656, 5.608369, -1.607525
-13.693793, 5.573639, -1.608192
-13.691815, 5.554354, -1.610464
-13.708004, 5.524403, -1.610399
-13.713175, 5.505758, -1.612128
-13.713399, 5.493389, -1.612338
-13.719261, 5.461164, -1.615785
-13.719231, 5.438192, -1.616223
-13.719126, 5.422982, -1.616695
-13.728860, 5.388661, -1.618713
-13.728058, 5.369611, -1.618502
-13.723544, 5.336640, -1.622289
-13.711769, 5.307403, -1.637547
-13.706046, 5.287881, -1.639121
-13.704487, 5.250434, -1.643292
-13.693553, 5.218236, -1.644629
-13.695157, 5.201835, -1.645167
-13.697763, 5.165043, -1.647034
-13.704219, 5.130675, -1.644145
-13.714155, 5.086054, -1.640566
-13.724059, 5.044768, -1.637773
-13.723294, 5.016918, -1.637075
-13.714074, 4.992855, -1.643275
-13.728395, 4.942995, -1.639004
-13.727717, 4.911174, -1.639063
-13.716487, 4.879816, -1.643408
-13.718787, 4.855956, -1.643272
-13.715811, 4.828081, -1.644803
-13.714348, 4.796800, -1.646623
-13.716600, 4.773827, -1.646952
-13.720935, 4.747694, -1.646899
-13.724653, 4.715951, -1.648102
-13.722788, 4.686147, -1.650875
-13.723278, 4.666915, -1.650104
-13.723739, 4.648704, -1.652827
-13.727594, 4.621727, -1.653622
-13.726874, 4.601055, -1.654369
-13.725411, 4.573423, -1.658548
-13.738194, 4.549396, -1.656678
-13.743558, 4.525893, -1.654098
-13.753611, 4.502071, -1.653813
-13.751721, 4.479625, -1.655328
-13.751810, 4.464796, -1.656508
-13.740281, 4.430810, -1.677646
-13.721045, 4.402334, -1.687134
-13.712987, 4.373006, -1.689908
-13.709845, 4.344583, -1.692562
-13.708316, 4.319207, -1.694573
-13.729985, 4.292248, -1.680620
-13.738195, 4.253986, -1.683355
-13.745515, 4.220915, -1.679602
-13.757182, 4.202175, -1.671981
-13.747648, 4.178419, -1.682630
-13.748479, 4.160888, -1.676899
-13.761213, 4.150368, -1.672185
-13.765272, 4.131393, -1.674397
-13.767832, 4.110634, -1.670076
-13.762632, 4.083467, -1.674368
-13.762888, 4.060872, -1.672744
-13.768333, 4.032834, -1.673256
-13.771999, 4.005304, -1.669586
-13.769956, 3.986796, -1.670821
-13.767153, 3.964322, -1.672131
-13.782774, 3.934589, -1.665821
-13.792073, 3.913883, -1.665519
-13.798752, 3.896425, -1.664799
-13.796219, 3.874845, -1.665886
-13.806107, 3.848820, -1.665674
-13.803147, 3.830426, -1.666176
-13.807133, 3.811910, -1.666203
-13.813301, 3.780597, -1.679426
-13.820886, 3.754357, -1.677577
-13.832714, 3.721072, -1.674186
-13.854195, 3.694823, -1.670087
-13.868656, 3.660984, -1.663624
-13.868389, 3.636965, -1.663108
-13.867886, 3.615767, -1.661936
-13.875236, 3.601801, -1.660637
-13.874431, 3.584138, -1.658809
-13.869421, 3.556590, -1.657719
-13.864814, 3.544904, -1.658013
-13.868838, 3.514346, -1.651874
-13.866482, 3.492113, -1.652246
-13.853109, 3.465755, -1.653534
-13.860047, 3.416692, -1.646481
-13.864529, 3.380117, -1.643319
-13.865825, 3.352344, -1.642201
-13.864567, 3.317614, -1.639633
-13.865496, 3.274888, -1.637181
-13.874613, 3.229370, -1.630156
-13.871477, 3.179147, -1.626660
-13.868336, 3.152556, -1.625911
-13.869284, 3.122433, -1.622200
-13.870627, 3.100850, -1.618369
-13.864285, 3.073090, -1.619197
-13.862395, 3.049161, -1.617341
-13.867947, 3.017104, -1.614466
-13.870802, 2.982611, -1.611922
-13.862497, 2.955671, -1.612998
-13.858156, 2.938819, -1.614631
-13.852918, 2.927811, -1.613902
-13.844522, 2.904958, -1.615114
-13.847050, 2.881835, -1.614982
-13.848780, 2.859259, -1.612011
-13.850049, 2.848429, -1.610649
-13.850961, 2.827131, -1.609737
-13.855577, 2.799046, -1.608069
-13.854844, 2.795534, -1.607916
-13.847118, 2.775236, -1.608833
-13.842953, 2.751544, -1.609739
-13.832070, 2.736029, -1.611478
-13.826238, 2.727526, -1.611173
-13.823323, 2.706669, -1.611845
-13.850837, 2.639280, -1.613649
-13.866263, 2.600541, -1.609835
-13.862655, 2.554201, -1.607833
-13.875532, 2.532010, -1.605283
-13.876245, 2.515586, -1.604633
-13.879439, 2.490073, -1.603026
-13.875749, 2.467668, -1.602928
-13.874168, 2.449704, -1.603151
-13.864970, 2.429633, -1.605359
-13.862917, 2.416249, -1.605591
-13.858629, 2.396208, -1.606042
-13.858214, 2.382816, -1.606683
-13.856242, 2.367188, -1.606119
-13.855663, 2.351630, -1.606565
-13.847447, 2.336167, -1.607703
-13.843768, 2.322080, -1.608447
-13.873332, 2.272414, -1.610291
-13.875730, 2.237045, -1.606987
-13.877453, 2.208897, -1.604781
-13.872250, 2.188515, -1.606461
-13.870495, 2.164065, -1.605895
-13.866974, 2.138081, -1.606219
-13.863721, 2.125330, -1.607102
-13.864832, 2.104624, -1.606202
-13.867640, 2.092853, -1.606866
-13.867706, 2.087530, -1.605906
-13.868925, 2.072149, -1.607832
-13.860514, 2.060661, -1.608172
-13.877043, 2.021062, -1.611956
-13.887569, 1.979591, -1.607808
-13.890179, 1.953841, -1.606403
-13.887791, 1.929293, -1.606820
-13.869257, 1.900365, -1.610114
-13.872630, 1.889740, -1.611179
-13.860734, 1.874404, -1.613799
-13.842122, 1.849521, -1.620915
-13.845610, 1.803085, -1.626972
-13.837593, 1.772343, -1.632651
-13.828867, 1.744396, -1.633296
-13.835636, 1.727733, -1.630802
-13.830428, 1.710938, -1.632087
-13.832002, 1.695325, -1.631261
-13.822457, 1.681623, -1.634230
-13.841842, 1.641967, -1.636981
-13.842165, 1.616653, -1.635487
-13.843868, 1.591140, -1.632542
-13.834579, 1.571905, -1.635278
-13.841064, 1.553342, -1.633986
-13.837209, 1.536856, -1.636679
-13.838445, 1.523286, -1.635895
-13.850966, 1.492938, -1.638166
-13.855489, 1.471587, -1.636865
-13.850497, 1.447557, -1.637680
-13.843775, 1.433112, -1.639616
-13.843508, 1.421130, -1.639850
-13.860700, 1.383650, -1.640471
-13.862057, 1.354049, -1.636960
-13.863573, 1.332571, -1.635783
-13.850314, 1.310492, -1.635469
-13.842854, 1.292855, -1.635563
-13.846821, 1.248521, -1.636443
-13.846449, 1.222489, -1.631540
-13.840241, 1.203089, -1.632155
-13.851089, 1.180084, -1.624446
-13.864491, 1.141531, -1.623653
-13.875592, 1.114009, -1.616760
-13.875738, 1.098847, -1.615042
-13.863805, 1.086699, -1.616368
-13.856754, 1.063562, -1.617654
-13.860075, 1.032004, -1.619960
-13.862483, 1.012328, -1.616349
-13.864182, 0.989370, -1.612603
-13.858914, 0.948316, -1.614398
-13.855100, 0.922112, -1.607058
-13.846641, 0.904320, -1.608289
-13.848963, 0.888385, -1.599726
-13.850991, 0.867054, -1.597086
-13.852168, 0.834628, -1.592287
-13.856563, 0.814720, -1.586634
-13.846948, 0.797303, -1.582301
-13.843930, 0.780042, -1.576270
-13.841704, 0.768099, -1.569978
-13.830875, 0.743581, -1.561634
-13.826530, 0.717531, -1.549379
-13.820066, 0.700755, -1.543204
-13.804999, 0.687090, -1.529886
-13.795651, 0.669292, -1.511564
-13.804684, 0.649984, -1.497077
-13.790627, 0.620580, -1.487149
-13.779658, 0.570449, -1.469882
-13.777282, 0.539990, -1.458307
-13.768425, 0.521103, -1.434192
-13.781005, 0.494231, -1.402690
-13.770859, 0.476636, -1.395859
-13.742948, 0.461793, -1.380674
-13.717101, 0.444535, -1.366150
-13.719502, 0.423477, -1.355033
-13.706405, 0.407715, -1.338254
-13.701061, 0.396702, -1.326938
-13.692170, 0.380503, -1.307460
-13.672960, 0.355181, -1.290350
-13.659106, 0.328686, -1.277630
-13.653293, 0.313819, -1.267481
-13.649955, 0.299665, -1.258515
-13.640372, 0.287040, -1.235129
-13.626551, 0.268473, -1.214429
-13.614622, 0.247448, -1.206516
-13.591775, 0.229733, -1.190610
-13.569847, 0.215797, -1.175461
-13.557736, 0.200080, -1.165995
-13.550823, 0.172858, -1.137923
-13.526243, 0.154674, -1.123017
-13.508898, 0.142682, -1.116682
-13.496059, 0.133009, -1.098486
-13.471217, 0.105950, -1.076104
-13.456170, 0.088795, -1.068041
-13.451820, 0.067686, -1.041491
-13.430643, 0.061440, -1.028768
-13.408867, 0.050567, -1.020706
-13.388261, 0.029287, -0.997266
-13.357280, 0.020909, -0.979763
-13.349227, 0.012323, -0.968847
-13.332846, -0.008076, -0.945190
-13.313155, -0.024645, -0.926576
-13.296573, -0.040565, -0.916905
-13.270548, -0.046372, -0.897502
-13.239060, -0.073259, -0.859190
-13.216196, -0.089804, -0.839979
-13.191633, -0.099517, -0.820143
-13.174134, -0.113085, -0.807988
-13.162470, -0.116603, -0.808158
-13.146969, -0.124203, -0.784056
-13.128360, -0.133371, -0.767056
-13.113885, -0.139764, -0.758334
-13.086174, -0.148591, -0.735512
-13.065619, -0.163507, -0.712477
-13.050851, -0.167730, -0.697466
-13.029806, -0.174969, -0.677580
-12.997815, -0.182072, -0.654959
-12.974896, -0.185989, -0.645768
-12.962070, -0.189381, -0.621207
-12.940303, -0.199507, -0.598996
-12.917228, -0.208918, -0.585893
-12.904905, -0.208237, -0.566478
-12.878533, -0.216970, -0.536228
-12.850026, -0.222038, -0.529262
-12.813400, -0.217570, -0.512352
-12.771236, -0.223620, -0.488909
-12.730292, -0.227074, -0.477721
-12.703527, -0.228398, -0.454562
-12.676945, -0.226755, -0.436564
-12.650740, -0.236713, -0.423709
-12.625812, -0.233809, -0.405508
-12.625480, -0.231637, -0.381387
-12.594955, -0.239358, -0.369151
-12.577104, -0.242551, -0.370381
-12.579154, -0.244120, -0.351306
-12.536814, -0.255462, -0.323487
-12.504199, -0.258046, -0.313483
-12.473530, -0.266309, -0.286476
-12.443117, -0.269821, -0.269874
-12.429396, -0.274297, -0.257729
-12.402284, -0.271355, -0.234457
-12.380455, -0.275605, -0.206128
-12.355956, -0.272661, -0.198324
-12.345982, -0.268079, -0.177009
-12.308999, -0.258932, -0.148358
-12.286693, -0.261089, -0.134583
-12.252580, -0.257889, -0.114298
-12.243437, -0.252915, -0.087820
-12.201949, -0.242850, -0.071878
-12.187824, -0.236241, -0.050306
-12.164325, -0.220712, -0.032206
-12.126435, -0.216672, -0.021350
-12.080932, -0.211413, -0.000132
-12.069139, -0.204014, 0.009872
-12.030749, -0.198412, 0.011285
-12.003407, -0.190380, 0.013572
-11.977656, -0.186278, 0.016538
-11.978658, -0.176839, 0.015152
-11.954473, -0.178233, 0.015556
-11.958513, -0.169855, 0.015716
-11.936281, -0.167481, 0.017632
-11.922193, -0.166853, 0.017135
-11.889104, -0.165220, 0.018621
-11.857016, -0.165799, 0.021731
-11.855770, -0.168095, 0.022624
-11.841746, -0.168984, 0.026611
-11.805281, -0.163661, 0.025894
-11.785176, -0.164899, 0.026297
-11.765138, -0.159635, 0.029139
-11.710422, -0.154878, 0.031817
-11.674714, -0.157001, 0.033237
-11.648929, -0.151460, 0.034916
-11.647618, -0.145255, 0.035908
-11.595416, -0.146475, 0.033805
-11.569531, -0.144554, 0.033575
-11.556827, -0.138201, 0.031479
-11.532466, -0.133356, 0.029963
-11.520811, -0.126834, 0.028869
-11.476571, -0.124472, 0.026686
-11.422575, -0.129774, 0.027550
-11.408839, -0.131101, 0.026462
-11.414103, -0.126012, 0.025941
-11.380324, -0.125236, 0.026096
-11.375890, -0.122986, 0.024257
-11.360453, -0.121234, 0.024704
-11.317668, -0.115847, 0.023211
-11.258855, -0.115193, 0.023657
-11.216617, -0.117885, 0.025455
-11.243978, -0.117285, 0.025944
-11.237273, -0.116909, 0.024878
-11.211297, -0.114124, 0.026099
-11.169055, -0.113150, 0.025470
-11.148406, -0.109810, 0.025665
-11.126814, -0.108340, 0.023727
-11.090672, -0.104859, 0.023237
-11.045902, -0.106654, 0.029352
-11.028039, -0.105613, 0.029491
-10.987507, -0.111861, 0.029295
-10.987600, -0.109440, 0.028727
-10.933719, -0.107696, 0.027676
-10.858236, -0.107327, 0.027587
-10.856478, -0.108378, 0.027569
-10.830924, -0.103736, 0.027122
-10.838685, -0.104851, 0.026727
-10.846398, -0.110878, 0.026494
-10.781973, -0.106336, 0.026215
-10.745482, -0.107038, 0.027745
-10.706942, -0.107923, 0.025686
-10.683163, -0.104467, 0.024941
-10.657869, -0.098631, 0.014154
-10.642028, -0.094610, 0.011658
-10.619152, -0.090047, 0.005332
-10.587236, -0.087344, 0.001313
-10.579065, -0.081161, -0.003482
-10.544345, -0.088283, -0.001773
-10.489673, -0.090920, -0.000308
-10.478073, -0.087061, -0.010245
-10.450201, -0.078830, -0.013252
-10.430004, -0.073682, -0.015901
-10.412215, -0.084374, -0.007853
-10.391569, -0.090790, -0.007218
-10.375944, -0.088129, -0.014473
-10.323493, -0.084209, -0.016296
-10.281072, -0.077817, -0.018645
-10.243673, -0.079292, -0.019716
-10.214522, -0.077081, -0.022559
-10.151068, -0.071794, -0.024772
-10.113765, -0.072808, -0.025092
-10.065373, -0.072142, -0.027636
-10.026282, -0.068078, -0.029691
-9.995983, -0.070966, -0.033096
-10.001362, -0.067538, -0.034981
-9.945699, -0.066725, -0.035839
-9.948008, -0.068456, -0.038497
-9.922708, -0.067028, -0.040401
-9.904657, -0.071443, -0.041434
-9.882607, -0.069983, -0.043692
-9.883819, -0.072576, -0.042835
-9.859838, -0.077367, -0.044560
-9.810944, -0.079334, -0.046043
-9.796850, -0.081505, -0.046028
-9.739704, -0.080208, -0.048910
-9.720563, -0.082511, -0.049111
-9.696100, -0.082758, -0.050980
-9.652823, -0.081851, -0.053108
-9.632657, -0.081484, -0.053664
-9.625211, -0.080998, -0.054885
-9.562288, -0.078542, -0.057894
-9.533623, -0.080566, -0.057843
-9.566959, -0.081105, -0.059341
-9.545940, -0.086270, -0.057895
-9.547864, -0.090888, -0.056696
-9.522000, -0.093912, -0.056212
-9.455283, -0.094492, -0.058211
-9.378395, -0.095581, -0.058025
-9.354420, -0.101787, -0.059320
-9.328203, -0.103517, -0.060623
-9.283666, -0.106495, -0.060622
-9.243839, -0.102861, -0.063833
-9.200662, -0.103795, -0.065779
-9.180677, -0.101583, -0.066595
-9.170768, -0.098515, -0.069409
-9.148444, -0.101064, -0.064648
-9.119856, -0.101243, -0.063924
-9.074171, -0.103226, -0.061734
-9.047937, -0.105736, -0.062387
-9.073091, -0.104370, -0.058520
-9.016789, -0.106676, -0.056248
-8.982252, -0.104943, -0.055086
-8.908902, -0.111019, -0.052400
-8.892384, -0.112049, -0.049745
-8.863805, -0.108107, -0.048465
-8.836012, -0.104969, -0.047116
-8.825398, -0.105189, -0.044596
-8.791065, -0.105451, -0.040784
-8.783352, -0.103781, -0.040856
-8.730321, -0.102295, -0.042606
-8.718206, -0.104299, -0.044752
-8.669970, -0.105057, -0.044861
-8.633672, -0.101693, -0.046176
-8.641278, -0.099139, -0.048104
-8.618884, -0.095007, -0.051633
-8.570620, -0.098096, -0.051271
-8.517118, -0.097715, -0.054232
-8.507937, -0.097086, -0.057442
-8.446573, -0.099836, -0.056637
-8.429886, -0.099549, -0.057305
-8.415788, -0.102015, -0.059205
-8.368962, -0.099300, -0.059955
-8.322951, -0.100360, -0.060920
-8.288364, -0.100490, -0.061789
-8.267223, -0.099844, -0.062522
-8.240653, -0.100981, -0.062476
-8.204036, -0.100375, -0.063455
-8.205170, -0.101015, -0.062955
-8.202346, -0.099349, -0.064519
-8.151651, -0.104262, -0.063208
-8.130163, -0.105823, -0.061815
-8.126468, -0.111938, -0.060193
-8.074490, -0.115155, -0.060182
-8.005506, -0.107183, -0.069455
-7.974129, -0.101442, -0.071444
-7.871904, -0.097101, -0.073597
-7.860340, -0.094804, -0.074970
-7.831638, -0.088185, -0.076214
-7.813053, -0.091165, -0.076855
-7.787326, -0.096507, -0.076661
-7.755427, -0.099177, -0.077082
-7.731690, -0.101555, -0.077969
-7.719467, -0.111220, -0.076609
-7.664489, -0.116230, -0.076506
-7.659416, -0.119898, -0.076793
-7.642997, -0.124446, -0.079161
-7.606661, -0.124987, -0.080015
-7.588767, -0.128148, -0.080493
-7.570991, -0.139771, -0.081539
-7.519707, -0.138267, -0.081760
-7.526184, -0.140284, -0.080767
-7.466438, -0.140671, -0.082627
-7.435430, -0.144125, -0.084322
-7.432845, -0.146118, -0.084264
-7.389297, -0.149672, -0.083696
-7.345473, -0.151345, -0.086647
-7.320568, -0.154263, -0.084061
-7.260857, -0.161202, -0.083382
-7.249033, -0.159796, -0.083993
-7.196204, -0.164296, -0.084458
-7.165289, -0.165260, -0.084231
-7.137019, -0.167200, -0.083132
-7.080466, -0.170888, -0.083068
-7.118126, -0.171908, -0.082057
-7.061454, -0.166204, -0.082479
-7.069620, -0.167870, -0.081857
-7.034181, -0.172972, -0.081259
-7.071408, -0.177846, -0.079355
-7.024464, -0.183333, -0.071977
-6.979338, -0.194064, -0.070679
-6.989270, -0.200921, -0.069423
-6.969166, -0.204033, -0.068835
-6.985155, -0.208723, -0.068945
-6.948577, -0.214782, -0.069172
-6.978172, -0.205255, -0.077794
-6.946673, -0.201268, -0.080751
-6.991894, -0.197616, -0.081963
-7.045257, -0.188460, -0.085710
-7.005413, -0.189599, -0.088399
-7.019151, -0.187865, -0.088397
-6.985089, -0.187338, -0.089216
-6.939141, -0.185735, -0.091410
-6.871273, -0.189449, -0.091950
-6.923938, -0.188822, -0.092393
-6.990570, -0.193846, -0.092295
-6.979348, -0.196105, -0.092537
-6.994588, -0.199462, -0.092033
-6.960459, -0.202694, -0.091613
-6.938090, -0.203183, -0.090967
-6.920349, -0.204599, -0.089987
-6.854495, -0.203863, -0.090185
-6.800695, -0.203457, -0.090754
-6.773601, -0.202183, -0.091950
-6.766112, -0.200565, -0.091646
-6.758846, -0.203850, -0.092469
-6.687152, -0.205043, -0.092589
-6.665800, -0.208470, -0.092868
-6.664517, -0.212381, -0.091748
-6.638115, -0.214172, -0.090656
-6.517206, -0.217444, -0.089750
-6.468565, -0.215087, -0.090699
-6.374544, -0.221751, -0.091790
-6.363227, -0.225429, -0.091602
-6.316544, -0.224929, -0.092287
-6.295652, -0.226690, -0.094563
-6.325662, -0.227073, -0.094141
-6.273103, -0.230430, -0.094399
-6.291545, -0.233487, -0.093126
-6.266337, -0.228230, -0.104859
-6.342873, -0.232002, -0.104482
-6.225858, -0.226929, -0.106847
-6.218474, -0.227964, -0.107254
-6.274537, -0.222378, -0.107971
-6.191319, -0.223485, -0.107984
-6.290962, -0.223884, -0.107404
-6.251426, -0.229241, -0.106943
-6.203371, -0.228533, -0.107499
-6.111392, -0.224477, -0.104876
-6.060724, -0.229149, -0.103536
-6.105220, -0.234847, -0.090223
-6.093991, -0.239010, -0.083819
-6.022875, -0.241297, -0.081116
-5.977445, -0.239647, -0.077954
-5.990324, -0.243345, -0.065840
-6.074771, -0.245030, -0.062470
-6.093198, -0.240794, -0.059820
-6.000550, -0.236938, -0.057351
-5.992292, -0.233040, -0.055247
-5.974168, -0.233733, -0.050388
-5.964658, -0.238295, -0.044498
-5.970115, -0.239429, -0.038517
-5.951349, -0.240427, -0.031121
-5.919253, -0.238262, -0.025463
-5.870449, -0.235483, -0.025171
-5.948578, -0.230546, -0.021305
-5.983432, -0.229435, -0.011732
-5.976620, -0.221701, -0.011744
-6.029428, -0.217911, -0.012811
-5.998715, -0.217580, -0.012913
-5.960767, -0.216467, -0.013525
-5.914684, -0.214799, -0.014564
-5.881380, -0.211171, -0.014702
-5.916366, -0.209928, -0.014932
-5.932764, -0.213310, -0.013782
-5.980406, -0.208097, -0.015347
-5.863007, -0.209345, -0.016160
-5.880375, -0.208223, -0.016105
-5.835961, -0.209836, -0.015756
-5.724222, -0.201939, -0.017248
-5.661168, -0.203898, -0.017291
-5.655652, -0.202635, -0.017950
-5.621776, -0.202747, -0.017494
-5.646629, -0.202687, -0.018770
-5.621851, -0.207988, -0.018525
-5.608423, -0.205752, -0.018514
-5.525750, -0.204951, -0.018496
-5.555591, -0.209355, -0.018702
-5.555114, -0.209196, -0.018958
-5.554501, -0.210122, -0.019421
-5.560144, -0.208851, -0.020292
-5.572067, -0.212613, -0.019821
-5.518570, -0.216855, -0.017801
-5.504458, -0.226624, -0.018824
-5.421149, -0.229376, -0.018382
-5.406051, -0.223911, -0.019947
-5.352090, -0.223725, -0.021041
-5.282150, -0.221262, -0.022874
-5.360331, -0.216429, -0.023157
-5.377197, -0.215620, -0.024576
-5.200059, -0.216123, -0.024933
-5.101790, -0.216245, -0.025394
-5.174098, -0.216848, -0.026094
-5.172794, -0.227197, -0.024626
-5.121740, -0.229012, -0.023278
-5.067913, -0.229970, -0.024075
-5.168330, -0.228996, -0.024128
-5.218753, -0.225635, -0.025572
-5.194068, -0.223175, -0.026004
-5.184682, -0.222879, -0.026304
-5.117046, -0.230280, -0.025164
-5.068954, -0.233097, -0.023197
-5.084626, -0.231546, -0.024216
-5.168271, -0.232944, -0.023550
-5.166428, -0.238407, -0.022323
-5.140247, -0.241931, -0.020228
-4.984709, -0.239837, -0.020240
-4.882013, -0.243041, -0.019848
-4.813354, -0.237323, -0.019914
-4.779886, -0.236208, -0.018852
-4.846263, -0.232287, -0.018908
-4.780351, -0.229851, -0.019580
-4.744376, -0.220882, -0.021448
-4.787746, -0.223332, -0.021107
-4.784012, -0.221258, -0.020083
-4.845746, -0.213922, -0.022151
-4.827439, -0.213605, -0.022249
-4.808907, -0.215214, -0.021898
-4.788014, -0.208051, -0.022668
-4.742061, -0.210017, -0.021295
-4.735367, -0.208470, -0.022122
-4.675485, -0.208558, -0.023328
-4.633076, -0.205285, -0.024610
-4.655286, -0.208849, -0.024040
-4.561204, -0.208445, -0.024968
-4.514367, -0.207522, -0.024374
-4.428099, -0.204999, -0.025436
-4.418227, -0.205927, -0.026453
-4.433235, -0.206521, -0.027127
-4.439826, -0.208758, -0.027825
-4.407796, -0.204703, -0.028681
-4.321845, -0.206255, -0.027163
-4.323877, -0.207235, -0.027984
-4.259380, -0.201495, -0.028676
-4.259065, -0.196881, -0.031174
-4.211339, -0.200254, -0.032127
-4.309542, -0.198351, -0.033052
-4.271543, -0.199095, -0.032616
-4.264478, -0.198881, -0.032862
-4.183344, -0.199949, -0.033481
-4.105399, -0.200046, -0.034331
-4.002243, -0.205152, -0.034083
-3.880983, -0.205900, -0.034044
-3.786926, -0.208066, -0.033373
-3.800661, -0.212110, -0.032868
-3.746261, -0.213072, -0.033726
-3.734803, -0.214878, -0.033313
-3.710374, -0.212284, -0.033713
-3.822375, -0.213249, -0.034324
-3.872930, -0.212913, -0.032815
-3.873719, -0.210375, -0.033318
-3.963015, -0.204480, -0.034550
-3.936602, -0.206084, -0.034653
-3.870416, -0.209970, -0.028052
-3.827547, -0.207925, -0.027858
-3.651545, -0.206788, -0.028559
-3.590841, -0.206931, -0.028098
-3.476562, -0.210469, -0.029014
-3.449006, -0.218867, -0.027962
-3.424550, -0.223459, -0.027756
-3.177035, -0.225751, -0.027186
-3.085075, -0.225756, -0.028399
-3.050796, -0.224500, -0.027903
-2.960575, -0.223961, -0.028837
-2.866571, -0.222886, -0.029658
-2.679465, -0.217367, -0.030913
-2.637526, -0.216301, -0.030654
-2.627973, -0.218613, -0.030793
-2.696417, -0.221325, -0.031527
-2.709052, -0.219357, -0.031157
-2.603438, -0.220158, -0.032604
-2.425489, -0.226334, -0.031034
-2.404179, -0.227186, -0.030876
-2.355295, -0.224445, -0.031830
-2.414631, -0.227055, -0.032486
-2.463567, -0.229564, -0.031589
-2.435658, -0.229514, -0.032153
-2.417517, -0.230890, -0.032033
-2.187688, -0.227552, -0.032206
-2.056161, -0.218555, -0.040653
-1.912192, -0.211737, -0.044048
-2.106691, -0.207759, -0.045490
-2.123872, -0.205858, -0.045932
-2.080343, -0.204815, -0.045707
-2.027270, -0.197613, -0.046917
-1.929311, -0.199980, -0.046290
-1.895166, -0.194801, -0.047318
-1.961823, -0.198049, -0.047653
-2.007747, -0.197657, -0.047230
-1.897948, -0.190913, -0.048367
-1.839069, -0.191339, -0.047824
-1.970238, -0.196631, -0.046942
-1.901505, -0.198278, -0.046889
-1.950927, -0.202643, -0.046636
-1.986053, -0.201426, -0.045380
-2.005471, -0.211696, -0.044029
-1.944109, -0.209789, -0.043232
-1.832670, -0.209287, -0.044204
-1.666011, -0.207355, -0.044479
-1.798313, -0.207375, -0.043855
-1.754597, -0.202452, -0.043619
-1.660824, -0.198812, -0.043557
-1.690732, -0.197957, -0.044316
-1.944992, -0.199582, -0.044735
-1.996132, -0.208259, -0.042917
-1.941384, -0.211712, -0.043130
-2.055579, -0.215787, -0.041413
-2.212504, -0.214222, -0.040886
-2.257675, -0.211441, -0.041019
-2.381846, -0.212019, -0.042067
-2.379773, -0.212126, -0.042321
-2.395018, -0.216502, -0.041311
-2.440234, -0.218249, -0.040686
-2.511496, -0.218348, -0.040567
-2.434959, -0.224374, -0.039679
-2.294325, -0.223586, -0.040962
-2.334076, -0.222439, -0.041530
-2.281944, -0.228042, -0.041936
-2.250734, -0.226207, -0.042992
-2.273176, -0.224959, -0.042975
-2.157776, -0.220748, -0.044045
-2.122994, -0.223473, -0.043904
-2.172403, -0.229241, -0.045221
-2.085874, -0.231499, -0.045639
-2.094038, -0.226853, -0.046814
-2.067859, -0.228239, -0.045984
-2.045355, -0.230139, -0.046138
-2.029772, -0.234864, -0.046073
-1.973750, -0.237390, -0.047295
-1.887148, -0.240924, -0.048814
-1.971061, -0.244479, -0.048109
-1.973001, -0.244380, -0.049214
-1.936332, -0.252022, -0.045648
-2.043632, -0.247014, -0.048524
-1.990869, -0.251304, -0.047441
-1.953654, -0.253181, -0.047938
-1.919667, -0.255549, -0.045100
-1.900094, -0.254087, -0.047851
-1.875515, -0.255456, -0.046882
-1.909019, -0.252863, -0.045046
-1.871093, -0.253201, -0.048011
-1.903857, -0.255840, -0.047031
-1.776455, -0.253173, -0.048564
-1.675939, -0.262215, -0.046896
-1.544623, -0.261415, -0.046162
-1.510295, -0.261669, -0.046498
-1.532245, -0.261980, -0.045464
-1.510420, -0.258204, -0.047309
-1.421106, -0.257535, -0.046786
-1.285450, -0.255326, -0.046396
-1.315864, -0.255972, -0.045359
-1.325322, -0.253714, -0.045121
-1.256943, -0.252575, -0.044015
-1.194522, -0.251123, -0.042199
-1.189773, -0.249315, -0.042500
-1.186288, -0.248023, -0.042349
-1.043855, -0.250525, -0.042913
-1.035315, -0.253321, -0.040329
-1.072728, -0.251926, -0.038991
-1.109550, -0.253993, -0.038667
-1.124281, -0.251345, -0.038983
-1.078546, -0.246598, -0.041476
-1.112599, -0.248030, -0.041767
-1.067565, -0.242294, -0.044264
-1.149837, -0.242798, -0.044285
-1.133058, -0.246288, -0.044567
-1.085653, -0.252823, -0.044827
-1.063901, -0.253858, -0.044906
-1.042717, -0.255640, -0.044554
-0.993566, -0.257604, -0.044746
-0.998199, -0.257937, -0.046352
